,Id,Timestamp,Easting,Northing,Height,EastingDiff,NorthingDiff,HeightDiff,Type,LongitudinalDisplacement,TransverseDisplacement,HeightDisplacement,Name
9859,125,2026-02-11 02:00:38.340000+00:00,124339.65809986643,426609.58884581336,6.6687356849656885,0.0002343028027098626,-0.0023880330845713615,-0.004780253163425563,0,-0.0023287697115595206,0.000578300481487,-0.004780253163425563,17_P5_1
9860,152,2026-02-11 02:00:39.330000+00:00,124370.2738413928,426819.49799324066,9.729038496552347,-0.001930269063450396,-0.0011767972609959543,0.00011754532446772714,0,-0.0007007983359869876,-0.0021493422582453264,0.00011754532446772714,29_KW_1
9861,150,2026-02-11 02:01:02.190000+00:00,124401.10747034325,426812.3192806735,9.182599024521238,0.004289713324396871,-0.002150915504898876,0.0005850012774288871,0,0.0008475908956971068,0.004723311083154889,0.0005850012774288871,27_KW_1
9862,149,2026-02-11 02:01:32.130000+00:00,124351.0455762027,426607.39647578774,8.012390021003418,0.004264510629582219,-0.0002566777402535081,0.00016417703561977248,0,-0.0004173518636763588,-0.004251793950092978,0.00016417703561977248,14_P5_1
9863,147,2026-02-11 02:01:48.700000+00:00,124350.93060166757,426607.50979702466,11.37246183732018,0.004094321979209781,-0.00019571545999497175,-0.001757804352262582,0,-0.00045379518382934514,-0.0040738000615953935,-0.001757804352262582,13_P5_1
9864,4,2026-02-11 02:01:48.900000+00:00,124378.97048413572,426782.7419941009,7.75479961012297,-0.0013338374847080559,0.0008111934876069427,-0.0002760948492959159,11,0.0008111934876069421,-0.0013338374847080563,-0.0002760948492959159,TS3
9865,131,2026-02-11 02:02:25.260000+00:00,124806.21935902347,426258.49799199,4.61751127750696,0.0008145273168338463,-0.008292074489872903,0.0060068047343975195,0,0.003648039625401416,0.007490911892885311,0.0060068047343975195,903_GSL_1
9866,71,2026-02-11 02:06:51.520000+00:00,124806.21900188818,426258.4966164808,4.616138228135088,-0.008760047305258922,-0.01848965126555413,0.024634564985820617,0,-0.0017818562866380714,0.020382115221093955,0.024634564985820617,903_GSL_1
9867,113,2026-02-11 02:07:26.280000+00:00,124414.19173868802,426876.0008806905,5.074647597337681,0.11299223687092308,0.08378375507891178,-2.22212213951841,0,-0.10834880201791841,-0.0897078609125186,-2.22212213951841,32_P7_0
9868,107,2026-02-11 02:07:38.440000+00:00,124409.91408741802,426969.4962727794,4.277083460245503,-0.007034798632957973,-0.029330069897696376,-2.008716774873088,0,-0.030161585460240264,0.00014196666737500833,-2.008716774873088,38_P9_0
9869,112,2026-02-11 02:07:39.230000+00:00,124414.06547710848,426875.953002706,8.439865077847212,0.11307695934374351,0.08352261502295732,-2.2222733146426386,0,-0.10833898127054638,-0.08958287276014297,-2.2222733146426386,31_P7_0
9870,106,2026-02-11 02:07:51.720000+00:00,124410.02535780736,426969.4214494702,6.911817028331211,-0.0068726168683497235,-0.02942174387862906,-2.0091094219437116,0,-0.030211064416472925,0.00040430471490598074,-2.0091094219437116,37_P9_0
9871,103,2026-02-11 02:08:07.320000+00:00,124282.31580513013,426301.7950386956,9.291916741594655,0.0040867229690775275,-0.002405457606073469,-0.0060347441964587745,0,0.0014089288471543595,-0.004527963165073103,-0.0060347441964587745,01_P1_0
9872,111,2026-02-11 02:08:12.130000+00:00,124434.258633339,426964.0169106238,6.522244432469834,-0.003057420311961323,0.038846844458021224,0.060951922855065455,0,0.03735827447734226,-0.011080815465715781,0.060951922855065455,36_P9_0
9873,104,2026-02-11 02:08:23.860000+00:00,124389.80897371238,426881.41664147854,8.713299427132394,-0.006685680491500534,-0.029493117530364543,-2.0094858372149798,0,0.030238168099590165,0.00044214847648131915,-2.0094858372149798,33_P7_0
9874,100,2026-02-11 02:08:24.110000+00:00,124292.49122489471,426345.92677671975,7.578040343489656,0.007501621395931579,-0.0034582599764689803,-0.010459225479442225,0,0.001640004993657856,-0.008095941529774223,-0.010459225479442225,06_P2_0
9875,110,2026-02-11 02:08:25.190000+00:00,124434.25879700061,426964.01687580405,6.522306012357665,0.11834411675226875,0.08244796213693917,-2.22206716011694,0,0.1050504498694467,0.09883015436917841,-2.22206716011694,35_P9_0
9876,105,2026-02-11 02:08:37.130000+00:00,124389.68016256295,426881.4444822316,5.0501368214982625,-0.006710337664117105,-0.029482875601388514,-2.0097769517381048,0,0.03023449925312862,0.0003789989524834192,-2.0097769517381048,34_P7_0
9877,98,2026-02-11 02:08:44.400000+00:00,124302.6640452776,426390.0755613358,7.973763337198602,0.003199644052074291,-0.002350672788452357,-0.005287457932268147,0,0.0015340845270779134,-0.003661962490540407,-0.005287457932268147,10_P3_0
9878,65,2026-02-11 02:08:51.670000+00:00,124372.11568251933,426824.89098011504,3.5155262447421385,-0.008679938400746323,-0.0289026215323247,-2.0091094958957574,0,0.030164970509192212,0.0008817121191829672,-2.0091094958957574,30_KW_1
9879,99,2026-02-11 02:09:01.540000+00:00,124302.54041408583,426390.1328733685,11.085711400392022,0.0023337946622632444,-0.0019429234671406448,-0.00204380235734547,0,0.0013339947885739787,-0.0027280042208236597,-0.00204380235734547,09_P3_0
9880,152,2026-02-11 02:09:10.280000+00:00,124370.27898619878,426819.49929157534,9.728483123355282,0.0032145369186764583,0.0001215374213643372,-0.0004378278725969409,0,-0.0006217808242714349,0.0031561697598345637,-0.0004378278725969409,29_KW_1
9881,125,2026-02-11 02:09:30.330000+00:00,124339.65757908738,426609.5888711798,6.668522762035275,-0.00028647625003941357,-0.0023626666516065598,-0.004993176093838869,0,-0.0023792309127956923,5.9351596842670604e-05,-0.004993176093838869,17_P5_1
9882,114,2026-02-11 02:09:45.620000+00:00,124396.29295735172,426811.63427928725,9.990085649556182,-0.006063293301849626,0.004740531439892948,-0.0005984280940012354,0,0.0009465633108257915,-0.007638074488735139,-0.0005984280940012354,23_KW_0
9883,150,2026-02-11 02:10:08.710000+00:00,124401.10764855584,426812.3192696547,9.181358318045424,0.004467925915378146,-0.002161934331525117,-0.0006557051983850926,0,0.0009455294435066489,0.004872606705922058,-0.0006557051983850926,27_KW_1
9884,119,2026-02-11 02:10:26.820000+00:00,124400.81941973342,426811.3399548531,3.9851627098746834,0.005268346343655139,-0.0031740281847305596,0.0016285807885005887,0,0.0006749300286959168,0.006113460359774403,0.0016285807885005887,28_KW_1
9885,62,2026-02-11 02:10:54.120000+00:00,124390.6135855389,426780.88063817366,7.4455026110160345,0.002905325876781717,0.0013929656706750393,0.0007047374337059154,0,0.0026488045458001467,-0.0018344226034709373,0.0007047374337059154,19_P6_1
9886,72,2026-02-11 02:11:09.510000+00:00,124390.52473616983,426780.8870028251,10.98870640377492,0.0007764669717289507,7.189338793978095e-05,0.00162108220816215,0,0.0007552598854851561,-0.0001940415491391878,0.00162108220816215,18_P6_1
9887,125,2026-02-11 02:15:36.870000+00:00,124339.65771730743,426609.5888517435,6.668902668888637,-0.00014825619291514158,-0.0023821029462851584,-0.004613269240477003,0,-0.00237840735874884,0.0001989290860771532,-0.004613269240477003,17_P5_1
9888,150,2026-02-11 02:16:00.620000+00:00,124401.10402289244,426812.3225562263,9.175933619115462,0.0008422625105595216,0.0011246372596360743,-0.0060804041283475385,0,0.0014050674929647448,6.653341515563853e-07,-0.0060804041283475385,27_KW_1
9889,128,2026-02-11 02:16:18.930000+00:00,124898.94027453531,426720.7734510229,4.084779554827032,-2.6864188839681447e-05,0.0041869881097227335,0.003387623823352115,0,0.0017857251048788922,-0.0037871858899989103,0.003387623823352115,901_GSL_1
9890,131,2026-02-11 02:16:39.730000+00:00,124806.21883909595,426258.4950661595,4.613256472788313,0.00029459979850798845,-0.011217904975637794,0.0017520000157507098,0,0.004178324298263382,0.01041488296344524,0.0017520000157507098,903_GSL_1
9891,3,2026-02-11 02:16:39.930000+00:00,124314.90763401608,426440.7931467088,7.061602021187679,0.0003946641518268734,-0.002930574759375304,-0.016827074303405354,11,-0.0023900545845267655,0.0017411683709530896,-0.016827074303405354,TS2
9892,71,2026-02-11 02:21:49.680000+00:00,124806.21980255116,426258.4994591087,4.607893368974866,-0.007959384325658903,-0.01564702339237556,0.016389705825598178,0,-0.0020199308238035975,0.01743849246214078,0.016389705825598178,903_GSL_1
9893,113,2026-02-11 02:22:24.750000+00:00,124414.19175151287,426876.00087878056,5.074611028084099,0.1130050617211964,0.08378184511093423,-2.2221587087719925,0,-0.10835001081263104,-0.08972077073736448,-2.2221587087719925,32_P7_0
9894,66,2026-02-11 02:22:27.010000+00:00,124898.94058540335,426720.77227567445,4.0786989239063205,0.0029797396709909663,-0.0019294803496450186,-0.0035876064974438293,0,0.0018528480043186156,0.003027985666979971,-0.0035876064974438293,901_GSL_1
9895,112,2026-02-11 02:22:38.140000+00:00,124414.06536802849,426875.9530509229,8.440344217278845,0.11296787935134489,0.0835708319209516,-2.2217941752110058,0,-0.10835945377272964,-0.08946538152366884,-2.2217941752110058,31_P7_0
9896,107,2026-02-11 02:22:38.160000+00:00,124409.91403916692,426969.49623233825,4.277069388875807,-0.007083049727953039,-0.02937051106709987,-2.008730846242784,0,-0.03021234099050461,0.00010471707008147526,-2.008730846242784,38_P9_0
9897,106,2026-02-11 02:22:51.500000+00:00,124410.02530668369,426969.42146026914,6.912037298768343,-0.0069237405405147,-0.02941094496054575,-2.0088891515065797,0,-0.030212876445841447,0.00035208438326235736,-2.0088891515065797,37_P9_0
9898,110,2026-02-11 02:23:11.500000+00:00,124434.2585117575,426964.0168853755,6.522179520311563,0.1180588736460777,0.08245753357186913,-2.2221936521630417,0,0.10500107884986928,0.09854905341858945,-2.2221936521630417,35_P9_0
9899,103,2026-02-11 02:23:16+00:00,124282.31601647413,426301.7949059611,9.293121876271982,0.004298066967749037,-0.0025381921441294253,-0.0048296095191311395,0,0.0014899079450018207,-0.0047640291072994275,-0.0048296095191311395,01_P1_0
9900,104,2026-02-11 02:23:23.490000+00:00,124389.80901128626,426881.4165951786,8.713556037624233,-0.006648106616921723,-0.02953941747546196,-2.009229226723141,0,0.030275697169127137,0.0003958122065993245,-2.009229226723141,33_P7_0
9901,111,2026-02-11 02:23:24.760000+00:00,124434.25867054744,426964.01685157546,6.522329284993238,-0.0030202118796296418,0.03878779610386118,0.06103677537846952,0,0.03730827012244619,-0.011032125219700597,0.06103677537846952,36_P9_0
9902,100,2026-02-11 02:23:33.500000+00:00,124292.48759459337,426345.92785678135,7.580976623017406,0.0038713200628990307,-0.002378198376391083,-0.007522945951691895,0,0.0014239470746202907,-0.004314547632783077,-0.007522945951691895,06_P2_0
9903,105,2026-02-11 02:23:36.840000+00:00,124389.68019953389,426881.4444206089,5.050211024423579,-0.006673366719041951,-0.029544498305767775,-2.0097027488127885,0,0.030286999698017646,0.0003299284749921738,-2.0097027488127885,34_P7_0
9904,65,2026-02-11 02:23:51.290000+00:00,124372.11543262033,426824.89104646165,3.515553133894648,-0.008929837407777086,-0.028836274927016348,-2.009082606743248,0,0.030165751081362352,0.0011402672901968042,-2.009082606743248,30_KW_1
9905,98,2026-02-11 02:23:53.700000+00:00,124302.66418009462,426390.0755751906,7.973489429997794,0.003334461071062833,-0.00233681796817109,-0.005561365133076812,0,0.0014889761083255423,-0.0037897623935593218,-0.005561365133076812,10_P3_0
9906,99,2026-02-11 02:24:10.210000+00:00,124302.54062893051,426390.1326046719,11.081710082773853,0.002548639342421666,-0.0022116200998425484,-0.006045119975514268,0,0.0015440715559889092,-0.0030004447993177766,-0.006045119975514268,09_P3_0
9907,152,2026-02-11 02:24:26.210000+00:00,124370.2767339963,426819.4987291983,9.728077701721913,0.0009623344376450405,-0.0004408396198414266,-0.0008432495059658152,0,-0.0006505474536141406,0.000834994102311919,-0.0008432495059658152,29_KW_1
9908,166,2026-02-11 02:24:33.070000+00:00,124091.06188723724,427154.20649101393,9.832874250287842,-0.01039359845162835,0.017463034368120134,0.0030206312250378176,0,0.019773645005675005,-0.004689074674749819,0.0030206312250378176,907_GSL_1
9909,125,2026-02-11 02:24:48.360000+00:00,124339.65692608216,426609.5889661385,6.668159259063166,-0.0009394814696861431,-0.002267707954160869,-0.005356679065948278,0,-0.0023800207704758767,-0.0006005213812609196,-0.005356679065948278,17_P5_1
9910,114,2026-02-11 02:24:53.620000+00:00,124396.30043215693,426811.6298659492,9.991458565510255,0.00141151191201061,0.0003271934110671282,0.0007744878600721705,0,0.001006628779948543,0.0010421707659366095,0.0007744878600721705,23_KW_0
9911,150,2026-02-11 02:25:14.810000+00:00,124401.10791932841,426812.3191118639,9.181724196043358,0.004738698480650783,-0.0023197251139208674,-0.00028982720045078736,0,0.0009813975041219507,0.005183941245189843,-0.00028982720045078736,27_KW_1
9912,119,2026-02-11 02:25:32.520000+00:00,124400.81945161417,426811.34027283796,3.9848801321957237,0.005300227086991072,-0.0028560433420352638,0.0013460031095409164,0,0.000946999866329182,0.0059458037302311225,0.0013460031095409164,28_KW_1
9913,62,2026-02-11 02:26:00.900000+00:00,124390.61361706346,426780.8814654707,7.445526772468175,0.0029368504328886047,0.002220262715127319,0.0007288988858462631,0,0.002549247395593064,-0.002656312237935236,0.0007288988858462631,19_P6_1
9914,72,2026-02-11 02:26:15.520000+00:00,124390.52468152002,426780.88778777636,10.98860083296295,0.0007218171667773277,0.0008568446501158178,0.0015155113961924371,0,0.0005768993747107922,-0.0009604113119621424,0.0015155113961924371,18_P6_1
9915,117,2026-02-11 02:28:29.290000+00:00,124377.68198352613,426815.90567047807,7.619307496052245,0.001966382042155601,-3.556045703589916e-05,0.0018724558797851287,0,-0.00011206858340150318,0.0019635079613872244,0.0018724558797851287,26_KW_0
9916,125,2026-02-11 02:30:37.250000+00:00,124339.65799869037,426609.58880860097,6.668045321456691,0.0001331267412751913,-0.002425245475023985,-0.005470616672423212,0,-0.0023802678602873723,0.00048359410320002844,-0.005470616672423212,17_P5_1
9917,152,2026-02-11 02:30:39.120000+00:00,124370.27433942964,426819.49795945245,9.728987935200152,-0.0014322322240332142,-0.001210585469380021,6.698397227289377e-05,0,-0.0008483374242143276,-0.0016724622378130314,6.698397227289377e-05,29_KW_1
9918,150,2026-02-11 02:30:57.720000+00:00,124401.10723746508,426812.3194729963,9.182225127752856,0.0040568351541878656,-0.0019585927366279066,0.00021110450904693323,0,0.0008620738415836562,0.004421631561752208,0.00021110450904693323,27_KW_1
9919,129,2026-02-11 02:31:19.010000+00:00,124898.94188535718,426720.7737801735,4.095821582485837,0.002213658401160501,0.0012775033828802407,0.004136837240223734,0,0.0020469228714220756,-0.0015304918061682425,0.004136837240223734,901_GSL_1
9920,128,2026-02-11 02:31:20.660000+00:00,124898.94207315559,426720.76920012577,4.081339817508996,0.0017717560840537772,-6.390904309228063e-05,-5.2113494683148076e-05,0,0.0015700360737140864,0.0008235233538928947,-5.2113494683148076e-05,901_GSL_1
9921,149,2026-02-11 02:31:36.810000+00:00,124351.04514266217,426607.39654388424,8.011740605951994,0.0038309701049001887,-0.00018858123803511262,-0.00048523801580380166,0,-0.0004164019464191338,-0.0038129390562919013,-0.00048523801580380166,14_P5_1
9922,131,2026-02-11 02:31:41.950000+00:00,124806.21828577049,426258.49526380043,4.615956740795951,-0.0002587256603874266,-0.011020264064427465,0.004452268023388939,0,0.003590804494707059,0.010422057479108713,0.004452268023388939,903_GSL_1
9923,3,2026-02-11 02:31:42.150000+00:00,124314.90793173491,426440.79296091176,7.0549004279813365,0.0006923829787410796,-0.0031163718085736036,-0.02352866750974769,11,-0.0024118663848200494,0.002091427259145713,-0.02352866750974769,TS2
9924,126,2026-02-11 02:32:05.420000+00:00,124339.64936616227,426609.5875877286,6.671859574952041,-0.007454441874870099,-0.0009024324826896191,0.0012023858165832735,0,0.0025305822699940653,0.0070695998066667015,0.0012023858165832735,17_P5_1
9925,4,2026-02-11 02:32:05.620000+00:00,124378.97157500667,426782.74201519374,7.7550709927152175,-0.00024296653282362968,0.0008322863141074777,-4.712257048566926e-06,11,0.0008322863141074777,-0.00024296653282362962,-4.712257048566926e-06,TS3
9926,71,2026-02-11 02:36:46.950000+00:00,124806.21642620665,426258.4905199549,4.606635679809882,-0.011335728835547343,-0.02458617719821632,0.015132016660614589,0,-0.0020761718183547715,0.02699385796872727,0.015132016660614589,903_GSL_1
9927,113,2026-02-11 02:37:25.600000+00:00,124414.19176380042,426876.0008238353,5.074624741492693,0.11301734927110374,0.08372689987299964,-2.222144995363398,0,-0.10829959128112333,-0.0897458273512011,-2.222144995363398,32_P7_0
9928,149,2026-02-11 02:37:31.410000+00:00,124351.04488888675,426607.39648491243,8.013015596075599,0.0035771946859313175,-0.000247553049121052,0.0007897521078010783,0,-0.00031824389638919357,-0.0035715998033927893,0.0007897521078010783,14_P5_1
9929,107,2026-02-11 02:37:37.800000+00:00,124409.91397669232,426969.49614687776,4.277115105606291,-0.007145524330553599,-0.029455971554853022,-2.0086851295123003,0,-0.030310206799794605,6.435800283359083e-05,-2.0086851295123003,38_P9_0
9930,112,2026-02-11 02:37:38.700000+00:00,124414.06522391785,426875.95305507525,8.43963941076224,0.11282376870804,0.08357498428085819,-2.222498981727611,0,-0.10832871119875612,-0.08932452693995915,-2.222498981727611,31_P7_0
9931,106,2026-02-11 02:37:51.110000+00:00,124410.02534625371,426969.4212464147,6.911800854541979,-0.006884170521516353,-0.02962479938287288,-2.009125595732944,0,-0.030410939623119176,0.00044192022332104574,-2.009125595732944,37_P9_0
9932,103,2026-02-11 02:37:58.950000+00:00,124282.31656960308,426301.79490324477,9.291449298525867,0.004851195917581208,-0.002540908462833613,-0.0065021872652462065,0,0.0013662727394579569,-0.005303170414824523,-0.0065021872652462065,01_P1_0
9933,126,2026-02-11 02:38:10.220000+00:00,124339.6441992494,426609.5885839287,6.675613136718656,-0.012621354748262092,9.376765228807926e-05,0.004955947583198395,0,0.0027031574249331905,0.012328841307686713,0.004955947583198395,17_P5_1
9934,111,2026-02-11 02:38:11.270000+00:00,124434.2585783369,426964.01687116997,6.5224169085576165,-0.003112422418780625,0.038807390606962144,0.061124398942848046,0,0.03730823074073175,-0.011126394655528818,0.061124398942848046,36_P9_0
9935,100,2026-02-11 02:38:14.710000+00:00,124292.48737346644,426345.92785926413,7.58125743004163,0.0036501931317616254,-0.00237571558682248,-0.007242138927468389,0,0.0014723945263381444,-0.0040987789410311575,-0.007242138927468389,06_P2_0
9936,104,2026-02-11 02:38:23.970000+00:00,124389.8089250355,426881.41655520827,8.713415085369416,-0.006734357375535183,-0.029579387803096324,-2.0093701789779583,0,0.03033263970302771,0.00047193295466171393,-2.0093701789779583,33_P7_0
9937,110,2026-02-11 02:38:24.470000+00:00,124434.25868406538,426964.0168998336,6.5222533432151595,0.11823118152096868,0.08247199165634811,-2.2221198292594453,0,0.10505070875776265,0.09871469131340445,-2.2221198292594453,35_P9_0
9938,98,2026-02-11 02:38:35.040000+00:00,124302.66402299948,426390.0757208184,7.973751002136307,0.0031773659284226596,-0.002191190142184496,-0.0052997929945632904,0,0.0013842848049171663,-0.003602877192076236,-0.0052997929945632904,10_P3_0
9939,105,2026-02-11 02:38:37.450000+00:00,124389.68021511559,426881.4444649734,5.050312565395627,-0.0066577850229805335,-0.02950013382360339,-2.00960120784074,0,0.030240354226387958,0.0003239958106406072,-2.00960120784074,34_P7_0
9940,99,2026-02-11 02:38:50.560000+00:00,124302.54089516556,426390.1325747634,11.082149486362159,0.002814874387695454,-0.00224152859300375,-0.005605716387208304,0,0.0015099849643888878,-0.0032661772240765987,-0.005605716387208304,09_P3_0
9941,118,2026-02-11 02:38:51.420000+00:00,124372.26310375327,426775.11105078785,6.16612129057415,0.003076391280046664,-0.0016137109487317502,0.0005892215837883796,0,-0.0008205896610005833,-0.00337563015483966,0.0005892215837883796,22_P6_1
9942,65,2026-02-11 02:38:52.070000+00:00,124372.11540741187,426824.891176159,3.514912176806665,-0.008955045865150169,-0.028706577548291534,-2.0097235638312307,0,0.030047039573006515,0.0011982712051948517,-2.0097235638312307,30_KW_1
9943,125,2026-02-11 02:39:15.650000+00:00,124339.65801344995,426609.5888058267,6.667767574451701,0.00014788632688578218,-0.0024280197685584426,-0.00574836367741316,0,-0.0023808713470191097,0.000498600031221191,-0.00574836367741316,17_P5_1
9944,73,2026-02-11 02:39:24.970000+00:00,124369.49089820494,426785.7016825019,11.400407160511142,0.001558640506118536,0.005215847690124065,-0.005647455551933689,0,6.388583711892563e-05,0.005443376337687998,-0.005647455551933689,20_P6_1
9945,152,2026-02-11 02:39:53.420000+00:00,124370.2742441019,426819.49809371156,9.728942078938976,-0.0015275599580490962,-0.0010763263562694192,2.1127711097079782e-05,0,-0.0006957382900813261,-0.0017343200634109823,2.1127711097079782e-05,29_KW_1
9946,117,2026-02-11 02:40:10.010000+00:00,124377.68208505276,426815.9056682419,7.617805089806471,0.002067908673780039,-3.779662074521184e-05,0.00037004963401177093,0,-0.00011825464900773507,0.002064870626848698,0.00037004963401177093,26_KW_0
9947,114,2026-02-11 02:40:30.690000+00:00,124396.30041449031,426811.62967255304,9.99182915092703,0.0013938452902948484,0.00013379723532125354,0.0011450732768469862,0,0.0008316910503187741,0.0011264973991432007,0.0011450732768469862,23_KW_0
9948,150,2026-02-11 02:40:51.820000+00:00,124401.10756167055,426812.3192455573,9.181910307403456,0.004381040620501153,-0.0021860317210666835,-0.0001037158403534022,0,0.0008741845669301835,0.004817473710040563,-0.0001037158403534022,27_KW_1
9949,119,2026-02-11 02:41:07.850000+00:00,124400.81950103502,426811.3400442767,3.985352384922582,0.0053496479376917705,-0.0030846046283841133,0.001818255836399274,0,0.0007953442300299833,0.006123801623702104,0.001818255836399274,28_KW_1
9950,62,2026-02-11 02:41:34.280000+00:00,124390.6130015667,426780.8802252597,7.4450723934996565,0.002321353676961735,0.0009800517000257969,0.00027451991732796444,0,0.0021373914139885294,-0.0013344445180206396,0.00027451991732796444,19_P6_1
9951,72,2026-02-11 02:41:48.420000+00:00,124390.52443172398,426780.88723960717,10.988240502098655,0.00047202112909872085,0.0003086754586547613,0.0011551805318976704,0,0.0004171357968094643,-0.0003795816277317592,0.0011551805318976704,18_P6_1
9952,125,2026-02-11 02:45:36.670000+00:00,124339.65782682397,426609.58888553036,6.668588398887182,-3.8739657611586154e-05,-0.0023483160766772926,-0.004927539241932344,0,-0.002329088374590641,0.00030238468942659594,-0.004927539241932344,17_P5_1
9953,152,2026-02-11 02:45:39.980000+00:00,124370.27441208699,426819.4980741749,9.729087965356054,-0.0013595748750958592,-0.0010958630009554327,0.00016701412817532457,0,-0.0007534238247734878,-0.0015753450727122157,0.00016701412817532457,29_KW_1
9954,150,2026-02-11 02:45:58.500000+00:00,124401.10768455236,426812.3191531923,9.181918637353714,0.004503922435105778,-0.002278396743349731,-9.538589009494558e-05,0,0.0008738424639217907,0.004971197880773096,-9.538589009494558e-05,27_KW_1
9955,131,2026-02-11 02:46:24.910000+00:00,124806.22111233669,426258.5028773952,4.616298650264741,0.002567840536357835,-0.003406669304240495,0.004794177492178697,0,0.0035924835718403455,0.002300709141693956,0.004794177492178697,903_GSL_1
9956,149,2026-02-11 02:46:30.020000+00:00,124351.04591087943,426607.39632063016,8.011984426506366,0.004599187363055535,-0.00041183532448485494,-0.00024141746143158116,0,-0.0003167727333362535,-0.00460671116637433,-0.00024141746143158116,14_P5_1
9957,4,2026-02-11 02:46:30.220000+00:00,124378.96993538979,426782.7420209772,7.754472028566886,-0.0018825834122253582,0.0008380697690881789,-0.0006036764053796162,11,0.0008380697690881787,-0.0018825834122253584,-0.0006036764053796162,TS3
9958,113,2026-02-11 02:52:26.880000+00:00,124414.1916140493,426876.00095819915,5.074779102346016,0.11286759814538527,0.08386126370169222,-2.2219906345100755,0,-0.10839429443313722,-0.0895683157991446,-2.2219906345100755,32_P7_0
9959,107,2026-02-11 02:52:38.160000+00:00,124409.91406141335,426969.4962261782,4.277055349996447,-0.007060803298372775,-0.02937667112564668,-2.0087448851221446,0,-0.030213033930821188,0.00012779020996505705,-2.0087448851221446,38_P9_0
9960,112,2026-02-11 02:52:40.270000+00:00,124414.06499534303,426875.9532278471,8.439939037321546,0.11259519388841,0.08374775614356622,-2.2221993551683052,0,-0.10844122576093596,-0.08906101785470788,-2.2221993551683052,31_P7_0
9961,106,2026-02-11 02:52:51.480000+00:00,124410.02530771928,426969.4213590503,6.911793668316487,-0.006922704953467473,-0.02951216377550736,-2.009132781958436,0,-0.03031087595101016,0.0003774303480191594,-2.009132781958436,37_P9_0
9962,103,2026-02-11 02:53:08.700000+00:00,124282.31569932196,426301.7951528071,9.29108868222015,0.003980914800195023,-0.002291346143465489,-0.006862803570962583,0,0.0013219870857360554,-0.00439889758243279,-0.006862803570962583,01_P1_0
9963,110,2026-02-11 02:53:13.120000+00:00,124434.25864669916,426964.0168055473,6.52223330234044,0.11819381530222017,0.08237770537380129,-2.222139870134165,0,0.10495074868478164,0.09869754135160586,-2.222139870134165,35_P9_0
9964,104,2026-02-11 02:53:24+00:00,124389.80907423323,426881.4166169627,8.713233938494135,-0.006585159644600935,-0.029517633374780416,-2.0095513258532396,0,0.03024136685240439,0.0003387307059132603,-2.0095513258532396,33_P7_0
9965,111,2026-02-11 02:53:26.130000+00:00,124434.25885222292,426964.0169152054,6.522160320977659,-0.002838536398485303,0.038851426041219383,0.060867811362890656,0,0.03740834144938986,-0.010867685325207302,0.060867811362890656,36_P9_0
9966,100,2026-02-11 02:53:31.010000+00:00,124292.487398152,426345.92785230523,7.581060676922075,0.003674878695164807,-0.0023826744873076677,-0.0074388920470234154,0,0.0014734886508531847,-0.004124403269862189,-0.0074388920470234154,06_P2_0
9967,105,2026-02-11 02:53:37.520000+00:00,124389.6802079673,426881.44441688276,5.0502673072158695,-0.006664933302090503,-0.02954822446918115,-2.009646466020498,0,0.030288874650780062,0.0003209012180777538,-2.009646466020498,34_P7_0
9968,98,2026-02-11 02:53:50.260000+00:00,124302.6715265691,426390.0738173889,7.968697245109225,0.010680935549316928,-0.004094619653187692,-0.010353550021645397,0,0.0014735178592358933,-0.011343590235522697,-0.010353550021645397,10_P3_0
9969,65,2026-02-11 02:53:51.950000+00:00,124372.1155183681,426824.8910121905,3.515925476498131,-0.008844089636113495,-0.028870546084363014,-2.008710264139765,0,0.030176594697797914,0.0010485633723211192,-2.008710264139765,30_KW_1
9970,73,2026-02-11 02:53:52.300000+00:00,124369.49057227802,426785.70136904897,11.400249377136724,0.0012327135918894783,0.00490239477949217,-0.005805238926351208,0,0.00028178571732094017,0.00504714317046139,-0.005805238926351208,20_P6_1
9971,99,2026-02-11 02:54:06.260000+00:00,124302.54124675236,426390.1325174129,11.082506004649936,0.003166461188811809,-0.0022988790879026055,-0.0052491980994311405,0,0.001482314940167275,-0.0036213345522340657,-0.0052491980994311405,09_P3_0
9972,165,2026-02-11 02:54:14.210000+00:00,124091.0586679703,427154.20385748777,9.8532023155045,-0.0251126568618929,0.007705694122705609,0.0024668217784800106,0,0.021474264217893047,-0.015128755166106518,0.0024668217784800106,907_GSL_1
9973,125,2026-02-11 02:54:31.300000+00:00,124339.65749346293,426609.5889383892,6.670406062400874,-0.00037210069422144443,-0.0022954572341404855,-0.0031098757282403966,0,-0.002325155813121495,-3.511815933800613e-05,-0.0031098757282403966,17_P5_1
9974,152,2026-02-11 02:54:36.300000+00:00,124370.2742869902,426819.49808844674,9.729229079414786,-0.0014846716658212245,-0.0010815911809913814,0.00030812818690684196,0,-0.0007107354740546399,-0.0016937958920752603,0.00030812818690684196,29_KW_1
9975,117,2026-02-11 02:54:54.850000+00:00,124377.68172561804,426815.90565777523,7.61865655130282,0.0017084739520214498,-4.8263289500027895e-05,0.0012215111303603976,0,-0.00011472355075878628,0.001705300881589654,0.0012215111303603976,26_KW_0
9976,114,2026-02-11 02:55:14.980000+00:00,124396.3003652387,426811.62959499337,9.991703022539788,0.0013445936783682555,5.623756442219019e-05,0.0010189448896049669,0,0.0007398447813879947,0.0011241550262365801,0.0010189448896049669,23_KW_0
9977,150,2026-02-11 02:55:37.010000+00:00,124401.10756973935,426812.3191089361,9.182026090488929,0.004389109424664639,-0.002322652901057154,1.2067245119595782e-05,0,0.0007696259091320446,0.004905779652660915,1.2067245119595782e-05,27_KW_1
9978,119,2026-02-11 02:55:54.100000+00:00,124400.81838958984,426811.3408331809,3.9853761262184753,0.004238202760461718,-0.002295700425747782,0.0018419971322924944,0,0.0007477632101126226,0.004761664967757174,0.0018419971322924944,28_KW_1
9979,62,2026-02-11 02:56:20.880000+00:00,124390.61305682179,426780.8808175366,7.445494821481403,0.002376608768827282,0.001572328619658947,0.0006969478990743738,0,0.0020983923456601096,-0.0019280135092733146,0.0006969478990743738,19_P6_1
9980,72,2026-02-11 02:56:35.850000+00:00,124390.52452500156,426780.8872005306,10.988260251415555,0.0005652987019857392,0.00026959890965372324,0.0011749298487977455,0,0.000515427467643005,-0.0003557818434832741,0.0011749298487977455,18_P6_1
9981,149,2026-02-11 02:56:54.580000+00:00,124351.0417848855,426607.3970792627,8.012123788175733,0.0004731934313895181,0.0003467972273938358,-0.00010205579206434834,0,-0.00041691581712050376,-0.00041274876362380677,-0.00010205579206434834,14_P5_1
9982,152,2026-02-11 03:00:38.980000+00:00,124370.27413148948,426819.4980072372,9.729047225876224,-0.0016401723842136562,-0.0011628007050603628,0.00012627464834480406,0,-0.0007539640661380941,-0.0018638157410534172,0.00012627464834480406,29_KW_1
9983,125,2026-02-11 03:00:47.740000+00:00,124339.65829285428,426609.588758189,6.6668717988276445,0.00042729065171442926,-0.0024756574421189725,-0.006644139301469565,0,-0.0023874665027177897,0.00078195957066979,-0.006644139301469565,17_P5_1
9984,150,2026-02-11 03:00:56.590000+00:00,124401.10759281406,426812.31920659594,9.182167605883958,0.004412184134707786,-0.002224993077106774,0.00015358264014864176,0,0.0008616453126390472,0.00486575075265342,0.00015358264014864176,27_KW_1
9985,149,2026-02-11 03:01:24.500000+00:00,124351.04860554977,426607.39594877826,8.010549086307854,0.0072938577068271115,-0.00078368722461164,-0.001676757659943462,0,-0.00037343876955350515,-0.007326327142494738,-0.001676757659943462,14_P5_1
9986,4,2026-02-11 03:01:24.700000+00:00,124378.96966072313,426782.74213400093,7.754881065616253,-0.002157250070013106,0.0009510935051366687,-0.00019463935601304883,11,0.0009510935051366676,-0.0021572500700131067,-0.00019463935601304883,TS3
9987,71,2026-02-11 03:06:48.310000+00:00,124806.22008649021,426258.50074626884,4.614960197093073,-0.007675445274799131,-0.014359863242134452,0.02345653394380598,0,-0.0022014305094361633,0.016132942577575988,0.02345653394380598,903_GSL_1
9988,113,2026-02-11 03:07:25.970000+00:00,124414.19176517526,426876.0009281645,5.074670924987012,0.11301872410695069,0.08383122907252982,-2.2220988118690794,0,-0.10840122871944345,-0.08972224127098538,-2.2220988118690794,32_P7_0
9989,149,2026-02-11 03:07:33.610000+00:00,124351.04540333345,426607.39651166264,8.012109481976978,0.0040916413854574785,-0.00022080284543335438,-0.00011636199081976883,0,-0.0004255867088926642,-0.004075433606004859,-0.00011636199081976883,14_P5_1
9990,107,2026-02-11 03:07:38.460000+00:00,124409.91407018143,426969.4962256656,4.277152734239584,-0.007052035216474906,-0.029377183702308685,-2.0086475008790075,0,-0.030211446675019737,0.00013642864813541444,-2.0086475008790075,38_P9_0
9991,112,2026-02-11 03:07:39.470000+00:00,124414.06512662058,426875.9531979763,8.43992248621364,0.11272647144505754,0.08371788531076163,-2.2222159062762117,0,-0.10844391327822303,-0.0891956240981835,-2.2222159062762117,31_P7_0
9992,106,2026-02-11 03:07:51.790000+00:00,124410.02531084316,426969.4213560076,6.9116713317386305,-0.006919581064721569,-0.02951520652277395,-2.0092551185362924,0,-0.030313078186112084,0.000381194275805521,-2.0092551185362924,37_P9_0
9993,126,2026-02-11 03:07:57.710000+00:00,124339.65139334496,426609.58699275454,6.670208825843842,-0.005427259180578403,-0.0014974065124988556,-0.00044836329161590527,0,0.0026619332725997167,0.004960995840461177,-0.00044836329161590527,17_P5_1
9994,103,2026-02-11 03:08:06.490000+00:00,124282.31564994807,426301.79518606234,9.292179724612852,0.0039315409085247666,-0.002258090884424746,-0.005771761178261059,0,0.0013008821762403857,-0.004343235420889127,-0.005771761178261059,01_P1_0
9995,110,2026-02-11 03:08:12.970000+00:00,124434.25858828542,426964.01691686315,6.522542078992565,0.11813540155708324,0.08248902123887092,-2.2218310934820398,0,0.1050476503430475,0.0986174572953746,-2.2218310934820398,35_P9_0
9996,111,2026-02-11 03:08:26.070000+00:00,124434.2586720696,426964.01679683063,6.522419182158723,-0.003018689720192924,0.03873305127490312,0.06112667254395454,0,0.037255042726382956,-0.011019235007315754,0.06112667254395454,36_P9_0
9997,100,2026-02-11 03:08:26.170000+00:00,124292.49613577797,426345.925759342,7.575559538008887,0.01241250465682242,-0.004475637746509165,-0.012940030960210791,0,0.0015005001478318736,-0.013109161086811483,-0.012940030960210791,06_P2_0
9998,104,2026-02-11 03:08:28.080000+00:00,124389.80897657135,426881.4165405984,8.713276385320587,-0.006682821520371363,-0.02959399769315496,-2.0095088790267877,0,0.030336276455681363,0.00041848983269893625,-2.0095088790267877,33_P7_0
9999,118,2026-02-11 03:08:41.410000+00:00,124372.26257019976,426775.1113745915,6.1668240416952536,0.0025428377703065053,-0.0012899073190055788,0.0012919727048918972,0,-0.0007112523625560979,-0.002761160063176325,0.0012919727048918972,22_P6_1
10000,105,2026-02-11 03:08:41.430000+00:00,124389.68022224665,426881.4443692217,5.050168602098109,-0.006650653958786279,-0.029595885542221367,-2.009745171138258,0,0.030332481970846665,0.00029694544288359515,-2.009745171138258,34_P7_0
10001,98,2026-02-11 03:08:48.500000+00:00,124302.66732728003,426390.0748922936,7.97198300143406,0.006481646472821012,-0.0030197149608284235,-0.007067793696810654,0,0.001414178117467727,-0.007009316635404589,-0.007067793696810654,10_P3_0
10002,65,2026-02-11 03:08:55.950000+00:00,124372.11526163584,426824.89115645655,3.5153970275564985,-0.009100821887841448,-0.02872628002660349,-2.0092387130813973,0,0.030103898899202026,0.001333939379310644,-2.0092387130813973,30_KW_1
10003,99,2026-02-11 03:09:04.150000+00:00,124302.54096765642,426390.13259532995,11.081963638579346,0.0028873652481706813,-0.0022209620219655335,-0.005791564170021246,0,0.0014728128402326025,-0.003331722184847192,-0.005791564170021246,09_P3_0
10004,73,2026-02-11 03:09:22.310000+00:00,124369.49090876993,426785.701644876,11.400753271824305,0.0015692055021645501,0.005178221792448312,-0.005301344238770156,0,4.2604059638331275e-05,0.005410598093918309,-0.005301344238770156,20_P6_1
10005,166,2026-02-11 03:09:25.500000+00:00,124091.05581901157,427154.20420748455,9.82636252133646,-0.01646182412514463,0.015179504989646375,-0.003491097726344705,0,0.019411468218183806,-0.011162612905244588,-0.003491097726344705,907_GSL_1
10006,125,2026-02-11 03:09:41.290000+00:00,124339.656718152,426609.5889940801,6.669138441956265,-0.0011474116327008232,-0.0022397663560695946,-0.004377496172849327,0,-0.0023825431764429635,-0.0008103053726981664,-0.004377496172849327,17_P5_1
10007,152,2026-02-11 03:09:52.510000+00:00,124370.27431923912,426819.4980062585,9.728934639822668,-0.001452422744478099,-0.0011637794086709619,1.3688594789229569e-05,0,-0.0007981403696740205,-0.001681334675494574,1.3688594789229569e-05,29_KW_1
10008,117,2026-02-11 03:10:12.680000+00:00,124377.68176195351,426815.90550568694,7.618400220630033,0.0017448094295104966,-0.0002003515837714076,0.0009651804575732115,0,-0.0002681108429055293,0.0017356892804718655,0.0009651804575732115,26_KW_0
10009,114,2026-02-11 03:10:32.820000+00:00,124396.30040037895,426811.6295877172,9.99148897700297,0.0013797339343000203,4.896137397736311e-05,0.0008048993527864923,0,0.0007516800011275618,0.0011580328671957599,0.0008048993527864923,23_KW_0
10010,150,2026-02-11 03:10:54.400000+00:00,124401.10747121891,426812.31924295,9.182004840704263,0.004290588985895738,-0.0021886390168219805,-9.182539546515045e-06,0,0.0008179103054381645,0.004746611141025073,-9.182539546515045e-06,27_KW_1
10011,119,2026-02-11 03:11:10.310000+00:00,124400.81937578235,426811.33990733366,3.9850518099352907,0.005224395266850479,-0.0032215476385317743,0.0015176808491079719,0,0.0006104884759143104,0.006107370867435117,0.0015176808491079719,28_KW_1
10012,62,2026-02-11 03:11:37.390000+00:00,124390.61288565607,426780.8801389014,7.445073784586349,0.0022054430446587503,0.0008936934173107147,0.0002759110040200241,0,0.0020365779023030234,-0.0012308604288176531,0.0002759110040200241,19_P6_1
10013,72,2026-02-11 03:11:51.500000+00:00,124390.52451338666,426780.8882976531,10.988552025834855,0.0005536837998079136,0.0013667214079760015,0.001466704268096919,0,0.0003300841562783825,-0.0014371978315331616,0.001466704268096919,18_P6_1
10014,125,2026-02-11 03:15:38.530000+00:00,124339.6579166988,426609.5887691354,6.669753246612289,5.113516817800701e-05,-0.0024647110258229077,-0.0037626915168251784,0,-0.0024312118729073132,0.0004081961235388161,-0.0037626915168251784,17_P5_1
10015,152,2026-02-11 03:15:39.100000+00:00,124370.27431802514,426819.4980049965,9.728952791021019,-0.0014536367234541103,-0.0011650414089672267,3.183979313980956e-05,0,-0.0007990889872978573,-0.0016828065838836105,3.183979313980956e-05,29_KW_1
10016,150,2026-02-11 03:15:56.550000+00:00,124401.10749772725,426812.31934245484,9.182122025588031,0.004317097322200425,-0.002089134184643626,0.00010800234422170263,0,0.0009134639774962351,0.00470822625758506,0.00010800234422170263,27_KW_1
10017,131,2026-02-11 03:16:36.160000+00:00,124806.21648186623,426258.49219747377,4.613734534853828,-0.002062629922875203,-0.014086590730585158,0.002230062081265416,0,0.0029661666641943975,0.01392437919370087,0.002230062081265416,903_GSL_1
10018,71,2026-02-11 03:22:21.320000+00:00,124806.21796774332,426258.49593216804,4.612414008634201,-0.009794192170375027,-0.019173964043147862,0.020910345484933757,0,-0.002513405246247958,0.021383402242540726,0.020910345484933757,903_GSL_1
10019,113,2026-02-11 03:22:26.100000+00:00,124414.19179159771,426876.0008140974,5.074810292064679,0.1130451465578517,0.08371716196415946,-2.2219594447914117,0,-0.10829677520771801,-0.08977514604403866,-2.2219594447914117,32_P7_0
10020,107,2026-02-11 03:22:38.570000+00:00,124409.91398437813,426969.496144278,4.277166199543851,-0.007137838518247008,-0.02945857134182006,-2.0086340355747403,0,-0.030310904249653048,7.244157672026076e-05,-2.0086340355747403,38_P9_0
10021,112,2026-02-11 03:22:39.330000+00:00,124414.065156802,426875.9531428828,8.440009919478427,0.11275665285938885,0.0836627918179147,-2.2221284730114235,0,-0.10839773003880235,-0.08923820718310842,-2.2221284730114235,31_P7_0
10022,106,2026-02-11 03:22:51.980000+00:00,124410.0253600239,426969.42139462184,6.911755679528523,-0.006870400335174054,-0.029476592259015888,-2.0091707707464,0,-0.030263770241607823,0.0004196459615054712,-2.0091707707464,37_P9_0
10023,103,2026-02-11 03:23:10.220000+00:00,124282.31610121788,426301.7950367923,9.292666749091591,0.004382810715469532,-0.0024073609383776784,-0.005284736699522341,0,0.001343184840949489,-0.00481666595668671,-0.005284736699522341,01_P1_0
10024,110,2026-02-11 03:23:12.590000+00:00,124434.25866873097,426964.016848657,6.522431412547839,0.11821584710560273,0.08242081507341936,-2.221941759926766,0,0.10499747128504316,0.09871022382716277,-2.221941759926766,35_P9_0
10025,104,2026-02-11 03:23:24.450000+00:00,124389.80896254237,426881.4165991438,8.713364826660449,-0.006696850497974083,-0.029535452253185213,-2.0094204376869254,0,0.03028189762807485,0.00044432244507109736,-2.0094204376869254,33_P7_0
10026,111,2026-02-11 03:23:25.380000+00:00,124434.25875540328,426964.01683025545,6.522263909777124,-0.002935356038506143,0.0387664760928601,0.06097140016235514,0,0.03730509010646719,-0.01094468984848141,0.06097140016235514,36_P9_0
10027,100,2026-02-11 03:23:26.660000+00:00,124292.48727211483,426345.927837594,7.581786816749509,0.003548841516021639,-0.0023973857169039547,-0.006712752219589113,0,0.0015167965121362418,-0.0040051295512411565,-0.006712752219589113,06_P2_0
10028,105,2026-02-11 03:23:37.650000+00:00,124389.68032520667,426881.44450009824,5.050184431708218,-0.0065476939344080165,-0.02946500899270177,-2.009729341528149,0,0.030182925658839014,0.00022371739243297358,-2.009729341528149,34_P7_0
10029,118,2026-02-11 03:23:41.800000+00:00,124372.26242344936,426775.11172861274,6.166390854333017,0.0023960873659234494,-0.0009358860552310944,0.000858785342654933,0,-0.0008801066858278396,-0.0024171325150010143,0.000858785342654933,22_P6_1
10030,98,2026-02-11 03:23:47.170000+00:00,124302.67157317282,426390.0737582715,7.971612506515171,0.010727539265644737,-0.004153737041633576,-0.00743828861569984,0,0.0015200465248345952,-0.011402766711168247,-0.00743828861569984,10_P3_0
10031,65,2026-02-11 03:23:52.830000+00:00,124372.11517376409,426824.89117993874,3.515401427849941,-0.009188693642499857,-0.028702797833830118,-2.009234312787955,0,0.030104025808440165,0.001424894547048597,-2.009234312787955,30_KW_1
10032,99,2026-02-11 03:24:02.700000+00:00,124302.54111599053,426390.1325042717,11.08192312869392,0.003035699366591871,-0.0023120202822610736,-0.005832074055447833,0,0.001526093402161489,-0.0034974201002727755,-0.005832074055447833,09_P3_0
10033,73,2026-02-11 03:24:35.110000+00:00,124369.4911794589,426785.70157807984,11.401366293920697,0.0018398944666841999,0.0051114256493747234,-0.004688322142378354,0,-0.00023569971645217089,0.005427368557716097,-0.004688322142378354,20_P6_1
10034,152,2026-02-11 03:25:02.500000+00:00,124370.27430697726,426819.49800788634,9.728850295252458,-0.0014646846102550626,-0.0011621515732258558,-7.065597542066371e-05,0,-0.0007937333228244559,-0.001692892406181623,-7.065597542066371e-05,29_KW_1
10035,117,2026-02-11 03:25:19.310000+00:00,124377.6815613775,426815.9056994075,7.618732875907446,0.0015442334115505219,-6.631016731262207e-06,0.001297835734986208,0,-6.673029165947086e-05,0.001542805194412728,0.001297835734986208,26_KW_0
10036,114,2026-02-11 03:25:41.210000+00:00,124396.30035785842,426811.6295355709,9.991737204858277,0.0013372133980738,-3.1848903745412827e-06,0.001053127208093585,0,0.0006850897383971926,0.0011483909899758194,0.001053127208093585,23_KW_0
10037,150,2026-02-11 03:26:02.660000+00:00,124401.10753877583,426812.3191187168,9.182236487024172,0.004358145903097466,-0.002312872209586203,0.00022246378036250292,0,0.0007589080683306384,0.004875127907489613,0.00022246378036250292,27_KW_1
10038,119,2026-02-11 03:26:18.400000+00:00,124400.81944463802,426811.340059833,3.985167914485172,0.005293250942486338,-0.0030690482817590237,0.0016337853989893958,0,0.0007734787945622958,0.006069538157904848,0.0016337853989893958,28_KW_1
10039,62,2026-02-11 03:26:45.180000+00:00,124390.61290620819,426780.88021538,7.445386591509122,0.002225995165645145,0.0009701719973236322,0.0005887179267931586,0,0.002044790861750411,-0.0013096253332799022,0.0005887179267931586,19_P6_1
10040,72,2026-02-11 03:27:00+00:00,124390.52439523314,426780.88677516225,10.988289070689154,0.0004355302808107808,-0.00015576946316286922,0.0012037491223964025,0,0.0004547127280064554,8.477668397674784e-05,0.0012037491223964025,18_P6_1
10041,165,2026-02-11 03:28:36.910000+00:00,124091.05957584544,427154.20463219704,9.855637358761225,-0.024204781715525314,0.008480403397697955,0.004901865035204622,0,0.021530446573433167,-0.013936591047758254,0.004901865035204622,907_GSL_1
10042,125,2026-02-11 03:30:37.030000+00:00,124339.65734957205,426609.58890265244,6.6696698546347095,-0.0005159915745025501,-0.0023311940021812916,-0.0038460834944045175,0,-0.0023813913965654706,-0.00017230147163505385,-0.0038460834944045175,17_P5_1
10043,152,2026-02-11 03:30:41.800000+00:00,124370.27427166537,426819.4979971385,9.728894844439285,-0.0014999964914750308,-0.0011728994431905448,-2.6106788594049135e-05,0,-0.0007960629549989801,-0.0017297301378979277,-2.6106788594049135e-05,29_KW_1
10044,150,2026-02-11 03:31:00.400000+00:00,124401.10748136044,426812.31923252885,9.182063530751336,0.004300730506656691,-0.002199060167185962,4.9507507526413974e-05,0,0.0008156415549033329,0.004760974413258944,4.9507507526413974e-05,27_KW_1
10045,131,2026-02-11 03:32:31.110000+00:00,124806.21734341784,426258.4935839717,4.619233019353003,-0.0012010783102596179,-0.012700092804152519,0.007728546580440643,0,0.0032916252477839165,0.012324777871004984,0.007728546580440643,903_GSL_1
10046,149,2026-02-11 03:32:58.900000+00:00,124351.04466542191,426607.39657782635,8.011610014030312,0.0033537298440933228,-0.0001546391285955906,-0.0006158299374856568,0,-0.0003748486235899927,-0.0033363011909370104,-0.0006158299374856568,14_P5_1
10047,4,2026-02-11 03:32:59.100000+00:00,124378.9702826875,426782.7419571234,7.754612908565287,-0.0015352857008110732,0.0007742159650661051,-0.00046279640697921565,11,0.0007742159650661042,-0.0015352857008110736,-0.00046279640697921565,TS3
10048,71,2026-02-11 03:36:47.480000+00:00,124806.21765738282,426258.49443387636,4.618951518306359,-0.010104552668053657,-0.02067225571954623,0.02744785515709136,0,-0.0022832399466815503,0.022896090419581672,0.02744785515709136,903_GSL_1
10049,113,2026-02-11 03:37:25.610000+00:00,124414.19166471939,426876.00090277474,5.074622684820028,0.11291826823435258,0.083805839298293,-2.222147052036063,0,-0.10835257804466357,-0.08963075829541776,-2.222147052036063,32_P7_0
10050,149,2026-02-11 03:37:34.810000+00:00,124351.04734273026,426607.39620059915,8.010607809611729,0.0060310381959425285,-0.0005318663315847516,-0.001618034356068776,0,-0.00042347513125877304,-0.006039616902486157,-0.001618034356068776,14_P5_1
10051,107,2026-02-11 03:37:37.950000+00:00,124409.91398832566,426969.4962445199,4.2771293766179195,-0.007133890991099179,-0.02935832942603156,-2.008670858500672,0,-0.0302125993200705,5.243744036542898e-05,-2.008670858500672,38_P9_0
10052,112,2026-02-11 03:37:38.760000+00:00,124414.06512209795,426875.95325184794,8.4399497086665,0.11272194881166797,0.08377175696659833,-2.222188683823351,0,-0.10849510195137346,-0.08917823648027691,-2.222188683823351,31_P7_0
10053,106,2026-02-11 03:37:51.200000+00:00,124410.02533852901,426969.4212973875,6.911700482151248,-0.0068918952165404335,-0.02957382658496499,-2.0092259681236744,0,-0.030363320235758513,0.000422164439682616,-2.0092259681236744,37_P9_0
10054,103,2026-02-11 03:38:08.380000+00:00,124282.3204701726,426301.79399305256,9.291465471234174,0.008751765446504578,-0.0034511006670072675,-0.006486014556939423,0,0.0013619241643940375,-0.009308526028050256,-0.006486014556939423,01_P1_0
10055,111,2026-02-11 03:38:11.810000+00:00,124434.25855657084,426964.0168725155,6.522409586201621,-0.003134188475087285,0.03880873613525182,0.061117076586852725,0,0.037305013657797675,-0.011147963661785911,0.061117076586852725,36_P9_0
10056,104,2026-02-11 03:38:24.630000+00:00,124389.80909579701,426881.4165739317,8.713424015504783,-0.006563595859915949,-0.029560664377640933,-2.009361248842591,0,0.030279008439752276,0.00030873445749694204,-2.009361248842591,33_P7_0
10057,110,2026-02-11 03:38:24.700000+00:00,124434.25860280094,426964.0168115378,6.522547171403303,0.11814991707797162,0.08238369587343186,-2.2218260010713013,0,0.10494757126811788,0.09865335035477002,-2.2218260010713013,35_P9_0
10058,100,2026-02-11 03:38:26.130000+00:00,124292.48736983775,426345.92786249716,7.5811959134541915,0.0036465644370764494,-0.0023724825587123632,-0.007303655514906637,0,0.0014700828623194766,-0.004094503884850962,-0.007303655514906637,06_P2_0
10059,118,2026-02-11 03:38:35.810000+00:00,124372.26203759013,426775.11206576537,6.167048807601609,0.002010228141443804,-0.0005987334297969937,0.001516738611247348,0,-0.0008783517786085313,-0.0019047301786931164,0.001516738611247348,22_P6_1
10060,105,2026-02-11 03:38:38+00:00,124389.68022954806,426881.4444673019,5.050247412031386,-0.006643352549872361,-0.02949780534254387,-2.0096663612049817,0,0.03023505121669531,0.00031037244129736665,-2.0096663612049817,34_P7_0
10061,98,2026-02-11 03:38:45.560000+00:00,124302.67174750335,426390.0737921281,7.97014481278714,0.010901869798544794,-0.004119880439247936,-0.008905982343730301,0,0.0014462214485165207,-0.01156428222848144,-0.008905982343730301,10_P3_0
10062,65,2026-02-11 03:38:53.580000+00:00,124372.11560182448,426824.89107235917,3.515154142987703,-0.008760633252677508,-0.02881037740735337,-2.009481597650193,0,0.03009682888462418,0.000983581431152529,-2.009481597650193,30_KW_1
10063,99,2026-02-11 03:39:00.990000+00:00,124302.54118618816,426390.1325463231,11.082017865456065,0.0031058969907462597,-0.00226996885612607,-0.005737337293302502,0,0.0014685932783921349,-0.0035556417856092326,-0.005737337293302502,09_P3_0
10064,73,2026-02-11 03:39:12.470000+00:00,124369.49101115842,426785.7013364868,11.401124827251135,0.0016715939855203032,0.004869832599069923,-0.004929788811940838,0,-0.00014690584598544748,0.005146641105401374,-0.004929788811940838,20_P6_1
10065,125,2026-02-11 03:39:26.070000+00:00,124339.65707320595,426609.58904398413,6.669548856936242,-0.0007923576777102426,-0.002189862309023738,-0.003967081192872257,0,-0.0022816528200366496,-0.0004662488935407244,-0.003967081192872257,17_P5_1
10066,152,2026-02-11 03:39:40.280000+00:00,124370.2742512364,426819.49788659706,9.728947081883284,-0.0015204254596028477,-0.001283440855331719,2.6130655404799086e-05,0,-0.0008989318724285508,-0.0017750592936787337,2.6130655404799086e-05,29_KW_1
10067,117,2026-02-11 03:39:58.300000+00:00,124377.68223088597,426815.90557069844,7.617610347582734,0.002213741885498166,-0.0001353400875814259,0.0001753074102746055,0,-0.00022140029023192867,0.0022067967705252656,0.0001753074102746055,26_KW_0
10068,114,2026-02-11 03:40:18.300000+00:00,124396.3004508979,426811.6295490462,9.99159705761971,0.001430252887075767,1.0290415957570076e-05,0.0009129799695273277,0,0.0007445023644257668,0.0012212474945782238,0.0009129799695273277,23_KW_0
10069,150,2026-02-11 03:40:39.700000+00:00,124401.10739653677,426812.3192973851,9.182035008853981,0.004215906839817762,-0.0021342039108276367,2.098561017227496e-05,0,0.0008167568084701593,0.004654202953334954,2.098561017227496e-05,27_KW_1
10070,119,2026-02-11 03:40:56.990000+00:00,124400.8194630588,426811.33987270226,3.9852948845911875,0.00531167171720881,-0.0032561790430918336,0.001760755505004763,0,0.0006359355066107376,0.006197753175425607,0.001760755505004763,28_KW_1
10071,62,2026-02-11 03:41:25.100000+00:00,124390.612932613,426780.87973811384,7.445439435058846,0.0022523999796248972,0.000492905848659575,0.0006415614765176159,0,0.002146256599043043,-0.0008425226732386755,0.0006415614765176159,19_P6_1
10072,72,2026-02-11 03:41:39.790000+00:00,124390.52446787714,426780.8866535393,10.988147468215118,0.0005081742856418714,-0.0002773923915810883,0.0010621466483602404,0,0.0005457137967783634,0.00019334967158090847,0.0010621466483602404,18_P6_1
10073,165,2026-02-11 03:42:59.820000+00:00,124091.05966562848,427154.2048812302,9.857464921730248,-0.02411499868321698,0.008729436551220715,0.0067294280042276,0,0.021672283661430654,-0.01371307204428792,0.0067294280042276,907_GSL_1
10074,125,2026-02-11 03:45:37.210000+00:00,124339.65748211938,426609.5889288942,6.667454280754116,-0.00038344424683600664,-0.002304952242411673,-0.006061657374997864,0,-0.0023361961739878554,-4.496406203556383e-05,-0.006061657374997864,17_P5_1
10075,152,2026-02-11 03:45:40.900000+00:00,124370.27421588327,426819.4979827832,9.728916368824574,-0.0015557785955024883,-0.001187254732940346,-4.5824033048091906e-06,0,-0.000797190432935312,-0.0017873187328368038,-4.5824033048091906e-06,29_KW_1
10076,150,2026-02-11 03:45:59.690000+00:00,124401.10762655138,426812.3192598522,9.181835820648175,0.004445921455044299,-0.0021717368508689106,-0.00017820259563450236,0,0.0009244984288077306,0.0048608601285140135,-0.00017820259563450236,27_KW_1
10077,149,2026-02-11 03:46:31.570000+00:00,124351.03935796606,426607.3975262034,8.012778962685276,-0.0019537260086508468,0.0007937379414215684,0.0005531187174785401,0,-0.0004765226054079667,0.0020542617756912386,0.0005531187174785401,14_P5_1
10078,4,2026-02-11 03:46:31.770000+00:00,124378.9709376247,426782.7419712296,7.754775320919589,-0.0008803484961390495,0.0007883221842348576,-0.0003003840526769608,11,0.0007883221842348577,-0.0008803484961390495,-0.0003003840526769608,TS3
10079,131,2026-02-11 03:47:49.330000+00:00,124806.22025785867,426258.5019608708,4.612402551368106,0.0017133625224232674,-0.004323193687014282,0.0008980785955436943,0,0.0031101776530977707,0.0034572257309663772,0.0008980785955436943,903_GSL_1
10080,71,2026-02-11 03:51:52.500000+00:00,124806.21708833014,426258.49375670176,4.619398001090883,-0.010673605342162773,-0.02134943031705916,0.027894337941615888,0,-0.00258122053445442,0.02372891330035409,0.027894337941615888,903_GSL_1
10081,113,2026-02-11 03:52:29.380000+00:00,124414.19183314608,426876.0008596276,5.0746850343849,0.11308669492427725,0.08376269217114896,-2.222084702471191,0,-0.1083509120445528,-0.08980461584890168,-2.222084702471191,32_P7_0
10082,107,2026-02-11 03:52:37.550000+00:00,124409.91413675329,426969.4962052679,4.2770720769005095,-0.006985463362070732,-0.02939758141292259,-2.008728158218082,0,-0.03021542783801079,0.00020594144363622976,-2.008728158218082,38_P9_0
10083,112,2026-02-11 03:52:42.780000+00:00,124414.06541379615,426875.9530847321,8.440126742435462,0.11301364701648708,0.08360464114230126,-2.222011650054389,0,-0.10840330726009328,-0.0895016391334478,-2.222011650054389,31_P7_0
10084,106,2026-02-11 03:52:51.260000+00:00,124410.02536451671,426969.4213936415,6.9117400078728854,-0.006865907518658787,-0.029477572592440993,-2.0091864424020374,0,-0.030263641389348662,0.00042424268326772064,-2.0091864424020374,37_P9_0
10085,103,2026-02-11 03:53:03.660000+00:00,124282.32055973286,426301.7938283637,9.285761604842538,0.00884132570354268,-0.003615789522882551,-0.012189880948575649,0,0.0015018170140858645,-0.00943331965567339,-0.012189880948575649,01_P1_0
10086,110,2026-02-11 03:53:15.580000+00:00,124434.25861522685,426964.016911148,6.522467032158892,0.11816234298748896,0.08248330606147647,-2.2219061403157125,0,0.10504760543451147,0.09864499820872509,-2.2219061403157125,35_P9_0
10087,100,2026-02-11 03:53:19.530000+00:00,124292.48747193416,426345.9278384885,7.58121655136426,0.003748660848941654,-0.0023964912397786975,-0.007283017604837738,0,0.0014699635308943178,-0.004199385150300543,-0.007283017604837738,06_P2_0
10088,104,2026-02-11 03:53:24.460000+00:00,124389.80891347353,426881.4165595534,8.71338894319614,-0.006745919337845407,-0.029575042659416795,-2.0093963211512342,0,0.03033077943347065,0.0004841435501932164,-2.0093963211512342,33_P7_0
10089,111,2026-02-11 03:53:28.380000+00:00,124434.25875129452,426964.0168821989,6.522517375879957,-0.0029394648008747026,0.038818419561721385,0.06122486626518864,0,0.037355038870635994,-0.01095952652073479,0.06122486626518864,36_P9_0
10090,98,2026-02-11 03:53:41.470000+00:00,124302.66769031296,426390.0748494579,7.971619812706061,0.006844679403002374,-0.003062550676986575,-0.007430982424809329,0,0.0013706162405844346,-0.007372263146418612,-0.007430982424809329,10_P3_0
10091,105,2026-02-11 03:53:41.480000+00:00,124389.68014592199,426881.4444336259,5.050260473451342,-0.006726978623191826,-0.029531481326557696,-2.0096532997850254,0,0.030285513792433653,0.000385077999912401,-2.0096532997850254,34_P7_0
10092,99,2026-02-11 03:53:57.210000+00:00,124302.54082556652,426390.1326308752,11.081974490567355,0.002745275356573984,-0.0021854167571291327,-0.005780712182012593,0,0.001471980531402329,-0.003185256112297055,-0.005780712182012593,09_P3_0
10093,65,2026-02-11 03:53:57.840000+00:00,124372.11454007204,426824.89129388775,3.5138353668644755,-0.009822385691222735,-0.028588848828803748,-2.0108003737734204,0,0.03015843721654175,0.002066446873074699,-2.0108003737734204,30_KW_1
10094,73,2026-02-11 03:54:09.890000+00:00,124369.49272300466,426785.6998763816,11.406466771996687,0.0033834402274806052,0.0034097274183295667,0.0004121559336116576,0,-0.00221566297690561,0.004262012014648972,0.0004121559336116576,20_P6_1
10095,125,2026-02-11 03:54:22.070000+00:00,124339.65731134974,426609.5889065083,6.668870416543011,-0.0005542138824239373,-0.0023273381520994008,-0.004645521586103207,0,-0.0023831219765262806,-0.00021067877606997462,-0.004645521586103207,17_P5_1
10096,152,2026-02-11 03:54:35.580000+00:00,124370.27426706988,426819.4979888271,9.729029364763637,-0.001504591986304149,-0.001181210798677057,0.00010841353575763435,0,-0.000803093075242382,-0.001736115638043644,0.00010841353575763435,29_KW_1
10097,117,2026-02-11 03:54:56.710000+00:00,124377.67796114863,426815.9054702473,7.621479730134994,-0.002055995457340032,-0.0002357912017032504,0.004044689962534598,0,-0.00015558954870178331,-0.002063614960145978,0.004044689962534598,26_KW_0
10098,114,2026-02-11 03:55:26.710000+00:00,124396.30038846441,426811.6296818667,9.991119918820818,0.0013678193936357275,0.00014311086852103472,0.0004358411706348875,0,0.0008262912214325954,0.0010993877531054652,0.0004358411706348875,23_KW_0
10099,150,2026-02-11 03:55:48.080000+00:00,124401.10782533443,426812.3189508954,9.182565182809522,0.0046447045024251565,-0.0024806936271488667,0.0005511595657132773,0,0.0007962015059475183,0.00520511132912183,0.0005511595657132773,27_KW_1
10100,119,2026-02-11 03:56:04.370000+00:00,124400.8185987701,426811.3406629539,3.985321295719704,0.004447383020306006,-0.0024659273913130164,0.0017871666335214087,0,0.0007394316866647253,0.005031227922613937,0.0017871666335214087,28_KW_1
10101,62,2026-02-11 03:56:31.080000+00:00,124390.61296699954,426780.8799876219,7.445232434827953,0.002286786519107409,0.0007424139184877276,0.0004345612456244652,0,0.002140797272422719,-0.0010943299542291289,0.0004345612456244652,19_P6_1
10102,72,2026-02-11 03:56:45.690000+00:00,124390.52446476162,426780.88791552174,10.988319042924067,0.0005050587642472237,0.0009845900349318981,0.0012337213573090366,0,0.00034263496211210876,-0.0010521897048387059,0.0012337213573090366,18_P6_1
10103,149,2026-02-11 03:57:07.070000+00:00,124351.03849408169,426607.39766224485,8.011702621957628,-0.0028176103805890307,0.0009297793731093407,-0.0005232220101696328,0,-0.0004749759424017773,0.0029287908415593974,-0.0005232220101696328,14_P5_1
10104,118,2026-02-11 03:58:07.600000+00:00,124372.2616806477,426775.1124829006,6.166876873474283,0.001653285711654462,-0.00018159818137064576,0.0013448044839217133,0,-0.0009557471513024903,-0.0013612049539342343,0.0013448044839217133,22_P6_1
10105,125,2026-02-11 04:00:37.570000+00:00,124339.65755862655,426609.5887164458,6.667868949108366,-0.0003069370723096654,-0.0025174006586894393,-0.00564698902074845,0,-0.0025352962593360034,6.155745385345828e-05,-0.00564698902074845,17_P5_1
10106,152,2026-02-11 04:00:47.880000+00:00,124370.27406685216,426819.4979560549,9.728614601211914,-0.0017048097070073709,-0.0012139829923398793,-0.00030635001596479583,0,-0.0007888906530813737,-0.0019385000336027565,-0.00030635001596479583,29_KW_1
10107,150,2026-02-11 04:01:06.610000+00:00,124401.1076295167,426812.3191650885,9.182269910986092,0.00444888677156996,-0.00226650049444288,0.0002558877422824679,0,0.0008503977179173124,0.00492000423972592,0.0002558877422824679,27_KW_1
10108,131,2026-02-11 04:01:23.960000+00:00,124806.2190734961,426258.4993782853,4.60980670512818,0.0005289999535307288,-0.006905779184307903,-0.001697767644382786,0,0.002898123568987726,0.006290509269696189,-0.001697767644382786,903_GSL_1
10109,149,2026-02-11 04:01:45.590000+00:00,124351.04406623977,426607.3967927032,8.011932354051643,0.0027545477059902623,6.0237711295485497e-05,-0.0002934899161548543,0,-0.0004927951591776465,-0.002710777485801705,-0.0002934899161548543,14_P5_1
10110,4,2026-02-11 04:01:45.790000+00:00,124378.97023573877,426782.7422000916,7.755013416222382,-0.0015822344284970313,0.001017184171359986,-6.228874988423172e-05,11,0.0010171841713599856,-0.0015822344284970315,-6.228874988423172e-05,TS3
10111,113,2026-02-11 04:07:25.920000+00:00,124414.19170851672,426876.0008988877,5.074690083088318,0.11296206557017285,0.08380195224890485,-2.222079653767773,0,-0.1083592653892639,-0.08967421626591912,-2.222079653767773,32_P7_0
10112,149,2026-02-11 04:07:30+00:00,124351.04434271087,426607.39669906243,8.012630507846666,0.0030310188012663275,-3.3403048291802406e-05,0.0004046638788679502,0,-0.00044381085411577924,-0.0029985367536573856,0.0004046638788679502,14_P5_1
10113,71,2026-02-11 04:07:35.720000+00:00,124806.22002078727,426258.50096146273,4.617891004003395,-0.007741148219793104,-0.01414466934511438,0.02638734085412775,0,-0.0023378811500666605,0.015954038936005745,0.02638734085412775,903_GSL_1
10114,107,2026-02-11 04:07:38.340000+00:00,124409.91403569336,426969.4961185243,4.277089830836758,-0.0070865232846699655,-0.02948432503035292,-2.0087104042818336,0,-0.030323715897862244,0.00012840913286019806,-2.0087104042818336,38_P9_0
10115,112,2026-02-11 04:07:39.260000+00:00,124414.06489125582,426875.9532701888,8.440037658355465,0.11249110668723006,0.0837900978513062,-2.2221007341343864,0,-0.10845720136790839,-0.08894978950559813,-2.2221007341343864,31_P7_0
10116,106,2026-02-11 04:07:51.630000+00:00,124410.02541217639,426969.42132210353,6.911613912535263,-0.006818247842602432,-0.029549110564403236,-2.0093125377396595,0,-0.03032161903122838,0.0004877069976210212,-2.0093125377396595,37_P9_0
10117,111,2026-02-11 04:08:11.610000+00:00,124434.25857196041,426964.01691111876,6.522485539836545,-0.0031187989079626277,0.03884733939776197,0.06119303022177647,0,0.03734597555277846,-0.011140951257612238,0.06119303022177647,36_P9_0
10118,110,2026-02-11 04:08:24.760000+00:00,124434.25861863383,426964.01679895225,6.522499742766174,0.11816574996919371,0.08237111032940447,-2.221873429708431,0,0.104938515760306,0.09867143554598229,-2.221873429708431,35_P9_0
10119,104,2026-02-11 04:08:24.900000+00:00,124389.8090002207,426881.41650646867,8.713537433083507,-0.006659172169747762,-0.029628127405885607,-2.009247831263867,0,0.030364777876041357,0.0003882938377085816,-2.009247831263867,33_P7_0
10120,103,2026-02-11 04:08:25.120000+00:00,124282.3154958624,426301.7951134149,9.291806575216464,0.0037774552474729717,-0.002330738352611661,-0.006144910574649387,0,0.001406788952915209,-0.004209804539043558,-0.006144910574649387,01_P1_0
10121,118,2026-02-11 04:08:31.390000+00:00,124372.26194978267,426775.11224524165,6.166570764260348,0.0019224206771468744,-0.0004192571504972875,0.001038695269985901,0,-0.0009550967824155696,-0.0017202522938175025,0.001038695269985901,22_P6_1
10122,105,2026-02-11 04:08:38.390000+00:00,124389.68016058738,426881.44449254917,5.050204613656163,-0.006712313232128508,-0.02947255806066096,-2.009709159580204,0,0.0302248253347243,0.00038309404934905447,-2.009709159580204,34_P7_0
10123,100,2026-02-11 04:08:40.680000+00:00,124292.48773655365,426345.9277233573,7.581003135455373,0.004013280340586789,-0.0025116224423982203,-0.007496433513725087,0,0.0015211397517847281,-0.004483391600210617,-0.007496433513725087,06_P2_0
10124,65,2026-02-11 04:08:54.140000+00:00,124372.11499466852,426824.89122214686,3.514582719507812,-0.009367789214593358,-0.028660589712671936,-2.010053021130084,0,0.030109742859803498,0.0016088077460282017,-2.010053021130084,30_KW_1
10125,98,2026-02-11 04:09:01.390000+00:00,124302.66736501067,426390.0749206994,7.971225607487854,0.0065193771151825786,-0.002991309156641364,-0.007825187643016207,0,0.0013777105922923027,-0.007039326811880407,-0.007825187643016207,10_P3_0
10126,73,2026-02-11 04:09:11.400000+00:00,124369.49393196985,426785.69891046546,11.409800556806449,0.004592405413859524,0.0024438112741336226,0.0037459407433733105,0,-0.0036572731927933706,0.00369956130130369,0.0037459407433733105,20_P6_1
10127,99,2026-02-11 04:09:17.370000+00:00,124302.54106329803,426390.1326197869,11.081915740537445,0.002983006866998039,-0.0021965050837025046,-0.0058394622119219974,0,0.0014263707822575087,-0.003418834734644321,-0.0058394622119219974,09_P3_0
10128,152,2026-02-11 04:09:37.790000+00:00,124370.27420128715,426819.4979542058,9.729241416166625,-0.001570374719449319,-0.0012158321333117783,0.00032046493874560156,0,-0.0008216398658724419,-0.0018081018961021288,0.00032046493874560156,29_KW_1
10129,125,2026-02-11 04:09:42.750000+00:00,124339.65735993981,426609.5887979574,6.668708173028384,-0.0005056238151155412,-0.002435889036860317,-0.004807765100729888,0,-0.002483474368623188,-0.0001468533373809957,-0.004807765100729888,17_P5_1
10130,117,2026-02-11 04:09:55.910000+00:00,124377.68113717796,426815.90557653736,7.618796165333352,0.0011200338776689023,-0.00012950116069987416,0.0013611251608924846,0,-0.00017299673490393425,0.0011141447695255898,0.0013611251608924846,26_KW_0
10131,114,2026-02-11 04:10:16.270000+00:00,124396.30031934188,426811.6294879231,9.991795845729657,0.0012986968649784103,-5.083269206807017e-05,0.0011117680794736629,0,0.0006244167526108817,0.0011398689524443235,0.0011117680794736629,23_KW_0
10132,150,2026-02-11 04:10:38.390000+00:00,124401.10771660131,426812.3189923104,9.181909411106945,0.0045359713840298355,-0.002439278643578291,-0.00010461213686419057,0,0.0007642239937931876,0.005093238496778398,-0.00010461213686419057,27_KW_1
10133,119,2026-02-11 04:10:54.700000+00:00,124400.81858524664,426811.3405820899,3.9856577881818605,0.004433859561686404,-0.0025467913947068155,0.002123659095677688,0,0.0006669567257702489,0.005069558732953044,0.002123659095677688,28_KW_1
10134,62,2026-02-11 04:11:23.190000+00:00,124390.61294826496,426780.88016672025,7.445444233510232,0.0022680519323330373,0.0009215122554451227,0.000646359927903184,0,0.0020940062269049786,-0.0012682201411341636,0.000646359927903184,19_P6_1
10135,72,2026-02-11 04:11:39.410000+00:00,124390.5242993737,426780.88617078046,10.988463638111632,0.00033967084891628474,-0.000760151247959584,0.001378316544874636,0,0.00045584899843901627,0.0006967122045724247,0.001378316544874636,18_P6_1
10136,152,2026-02-11 04:15:38.610000+00:00,124370.27417359145,426819.49819513835,9.728465195370493,-0.0015980704192770645,-0.0009748995653353631,-0.0004557558573861087,0,-0.0005808030040135349,-0.001779585934420787,-0.0004557558573861087,29_KW_1
10137,125,2026-02-11 04:15:43.110000+00:00,124339.65824234579,426609.5886768027,6.672489515067312,0.00037678216176573187,-0.002557043742854148,-0.0010264230618020065,0,-0.002475319842793348,0.000743793772606308,-0.0010264230618020065,17_P5_1
10138,150,2026-02-11 04:15:56.580000+00:00,124401.10769139367,426812.319125024,9.182140509406917,0.004510763741564006,-0.0023065650020726025,0.00012648616310784178,0,0.000855386575247335,0.004993550385034813,0.00012648616310784178,27_KW_1
10139,113,2026-02-11 04:22:29.200000+00:00,124414.19177355747,426876.00083554175,5.0745697243052685,0.11302710631571244,0.08373860630672425,-2.2222000125508226,0,-0.10831328949709791,-0.08975250562861063,-2.2222000125508226,32_P7_0
10140,107,2026-02-11 04:22:38.570000+00:00,124409.91414696892,426969.4962434268,4.277041174625122,-0.00697524772840552,-0.029359422507695854,-2.0087590604934693,0,-0.0301759342683374,0.00020678948475429327,-2.0087590604934693,38_P9_0
10141,112,2026-02-11 04:22:42.790000+00:00,124414.06550796899,426875.95306671166,8.440039756627852,0.11310781985230278,0.08358662069076672,-2.2220986358619985,0,-0.10840854207673759,-0.08959737761251334,-2.2220986358619985,31_P7_0
10142,106,2026-02-11 04:22:51.930000+00:00,124410.02525221786,426969.4213098364,6.91165926898969,-0.006978206365602091,-0.029561377712525427,-2.0092671812852325,0,-0.030371992497330736,0.00033539243523081965,-2.0092671812852325,37_P9_0
10143,103,2026-02-11 04:22:55.880000+00:00,124282.31678929408,426301.7948178509,9.29228096721475,0.005070886923931539,-0.00262630230281502,-0.005670518576362582,0,0.0013992557480160656,-0.005536555005842112,-0.005670518576362582,01_P1_0
10144,100,2026-02-11 04:23:12.170000+00:00,124292.48990214583,426345.92720281193,7.5794581284718845,0.0061788725142832845,-0.003032167791388929,-0.00904144049721367,0,0.0015295971102947284,-0.006710651216020683,-0.00904144049721367,06_P2_0
10145,110,2026-02-11 04:23:16.050000+00:00,124434.25843438649,426964.0167870194,6.522499211264503,0.11798150262620766,0.08235917746787891,-2.221873961210102,0,0.10488889837870188,0.09849359406593797,-2.221873961210102,35_P9_0
10146,104,2026-02-11 04:23:25.360000+00:00,124389.8092570494,426881.4164917216,8.713304480952074,-0.006402343467925675,-0.029642874491401017,-2.0094807833953006,0,0.030326095410212143,0.00013396702935328985,-2.0094807833953006,33_P7_0
10147,111,2026-02-11 04:23:29.190000+00:00,124434.25868893258,426964.01683514134,6.522387986575808,-0.003001826742547564,0.03877136198570952,0.06109547696103945,0,0.03729602534440301,-0.01101072057264389,0.06109547696103945,36_P9_0
10148,98,2026-02-11 04:23:32.580000+00:00,124302.66397609106,426390.07567452994,7.973337232727588,0.003130457509541884,-0.0022374786203727126,-0.005713562403282246,0,0.0014402894912303322,-0.0035681425107643365,-0.005713562403282246,10_P3_0
10149,105,2026-02-11 04:23:42.430000+00:00,124389.68014565225,426881.44444210967,5.05027731534728,-0.006727248357492499,-0.029522997559979558,-2.009636457889087,0,0.030277275190776613,0.0003871206684322211,-2.009636457889087,34_P7_0
10150,99,2026-02-11 04:23:48.400000+00:00,124302.54128845369,426390.13250172173,11.082418512630916,0.0032081625249702483,-0.0023145702434703708,-0.0053366901184510596,0,0.0014876682962812516,-0.003665567519337437,-0.0053366901184510596,09_P3_0
10151,65,2026-02-11 04:23:58.010000+00:00,124372.11481552265,426824.8913199277,3.51465433342518,-0.00954693507810589,-0.028562808874994516,-2.009981407212716,0,0.030061804304819598,0.0018071917866579988,-2.009981407212716,30_KW_1
10152,165,2026-02-11 04:23:58.780000+00:00,124091.05583060301,427154.2018751104,9.853877784523903,-0.027950024144956842,0.005723316746298224,0.003142290797882197,0,0.021645514784052165,-0.018585798180748313,0.003142290797882197,907_GSL_1
10153,152,2026-02-11 04:24:15+00:00,124370.27419146374,426819.49806601345,9.729032317043153,-0.001580198120791465,-0.0011040244717150927,0.00011136581527360079,0,-0.0007105739850018701,-0.0017919209655945288,0.00011136581527360079,29_KW_1
10154,117,2026-02-11 04:24:33.500000+00:00,124377.68115470382,426815.90552612714,7.618539979904792,0.00113755973870866,-0.0001799113815650344,0.0011049397323326104,0,-0.0002240508955209347,0.001129695295450867,0.0011049397323326104,26_KW_0
10155,114,2026-02-11 04:24:54.100000+00:00,124396.30045064901,426811.6294903208,9.991502288428482,0.001430003991117701,-4.8435002099722624e-05,0.0008182107782985781,0,0.0006940132409551578,0.0012512405785538893,0.0008182107782985781,23_KW_0
10156,150,2026-02-11 04:25:15.580000+00:00,124401.10760194236,426812.31915004016,9.181714096032605,0.004421312434715219,-0.002281548862811178,-0.00029992721120386534,0,0.0008218296282072737,0.004906940484758613,-0.00029992721120386534,27_KW_1
10157,119,2026-02-11 04:25:31.900000+00:00,124400.81841036974,426811.3408846588,3.985499925709256,0.004258982662577182,-0.002244222501758486,0.0019657966230730572,0,0.0008012875368789786,0.0047469365111379525,0.0019657966230730572,28_KW_1
10158,62,2026-02-11 04:25:58.200000+00:00,124390.61279822052,426780.8801837414,7.445413871000123,0.0021180074982112274,0.0009385333978570998,0.0006159974177943894,0,0.0019431569153217883,-0.0012613254551499735,0.0006159974177943894,19_P6_1
10159,72,2026-02-11 04:26:12.090000+00:00,124390.52446207157,426780.8862042586,10.988652400738253,0.0005023687117500231,-0.0007266731117852032,0.0015670791714956778,0,0.0006111849258501467,0.000637872338599597,0.0015670791714956778,18_P6_1
10160,152,2026-02-11 04:30:48+00:00,124370.2816184843,426819.4998565129,9.726483872962381,0.005846822430612519,0.0006864749593660235,-0.002437078265497661,0,-0.0006780255314667668,0.005847808288891615,-0.002437078265497661,29_KW_1
10161,150,2026-02-11 04:31:06+00:00,124401.10753918612,426812.31906486757,9.181862149469914,0.0043585561943473294,-0.002366721455473453,-0.00015187377389480616,0,0.0007160368343931916,0.004907715741449787,-0.00015187377389480616,27_KW_1
10162,113,2026-02-11 04:37:35.150000+00:00,124414.19178654427,426876.00093138375,5.074689150250437,0.11304009311425034,0.0838344483054243,-2.222080586605654,0,-0.10840945917548578,-0.08974222270053228,-2.222080586605654,32_P7_0
10163,107,2026-02-11 04:37:38.450000+00:00,124409.91406874267,426969.4961599674,4.2770503733778025,-0.0070534739788854495,-0.029442881932482123,-2.008749861740789,0,-0.030275602302799794,0.0001506547828649407,-2.008749861740789,38_P9_0
10164,112,2026-02-11 04:37:48.390000+00:00,124414.06516949236,426875.9532481507,8.43992545784801,0.11276934322086163,0.08376805973239243,-2.22221293464184,0,-0.10850294968530076,-0.08922512264706198,-2.22221293464184,31_P7_0
10165,106,2026-02-11 04:37:51.890000+00:00,124410.02537939615,426969.42138059676,6.911748727734071,-0.006851028083474375,-0.029490617336705327,-2.0091777225408523,0,-0.030272725176873665,0.00044182243720597967,-2.0091777225408523,37_P9_0
10166,98,2026-02-11 04:38:10.260000+00:00,124302.66394342795,426390.07573089714,7.973176574922311,0.0030977943970356137,-0.002181111427489668,-0.005874220208559322,0,0.001393162449363022,-0.0035231627233376665,-0.005874220208559322,10_P3_0
10167,111,2026-02-11 04:38:20.950000+00:00,124434.25842646086,426964.01694201765,6.522716109515244,-0.0032642984588164836,0.038878238294273615,0.06142359990047552,0,0.03734589445228453,-0.011289695516415794,0.06142359990047552,36_P9_0
10168,104,2026-02-11 04:38:25.170000+00:00,124389.80858218059,426881.416668569,8.712964469237425,-0.007077212285366841,-0.029466027044691145,-2.009820795109949,0,0.030292629845060533,0.0008308192347105934,-2.009820795109949,33_P7_0
10169,99,2026-02-11 04:38:27.160000+00:00,124302.54447765097,426390.1314409098,11.078876920995073,0.00639735980075784,-0.003375382162630558,-0.008878281754293837,0,0.0017618468290336064,-0.007015362636042499,-0.008878281754293837,09_P3_0
10170,110,2026-02-11 04:38:34.150000+00:00,124434.25847092677,426964.01693258533,6.522592823681808,0.11801804290735163,0.08250474341912195,-2.221780348792797,0,0.1050388690572618,0.09849937626963963,-2.221780348792797,35_P9_0
10171,105,2026-02-11 04:38:41.980000+00:00,124389.68007420404,426881.44445811247,5.050257364003263,-0.006798696573241614,-0.029506994760595262,-2.009656409233104,0,0.030276609876320484,0.00046033606625632366,-2.009656409233104,34_P7_0
10172,65,2026-02-11 04:38:57.390000+00:00,124372.11502307667,426824.89125202363,3.5150563214028163,-0.009339381067547947,-0.028630712942685932,-2.0095794192350795,0,0.03007351723797328,0.0015891265741534238,-2.0095794192350795,30_KW_1
10173,165,2026-02-11 04:39:03.900000+00:00,124091.05802095239,427154.20337110554,9.855988419739262,-0.025759674768778495,0.0072193118976429105,0.005252926013241677,0,0.021486179429521326,-0.015938111619357747,0.005252926013241677,907_GSL_1
10174,152,2026-02-11 04:39:19.790000+00:00,124370.2743681442,426819.4981045953,9.72909236621312,-0.0014035176718607545,-0.0010654426296241581,0.0001714149852407587,0,-0.0007137040435052957,-0.0016111040905323482,0.0001714149852407587,29_KW_1
10175,117,2026-02-11 04:39:36.900000+00:00,124377.68163278555,426815.90554002573,7.617402237238095,0.0016156414640136063,-0.0001660127891227603,-3.28029343643621e-05,0,-0.00022877062211011981,0.0016079557173167723,-3.28029343643621e-05,26_KW_0
10176,114,2026-02-11 04:39:57.300000+00:00,124396.30054728023,426811.6295568731,9.991403496063302,0.001526635212940164,1.811730908229947e-05,0.0007194184131193992,0,0.0008007905376462267,0.0012998760806682728,0.0007194184131193992,23_KW_0
10177,150,2026-02-11 04:40:19.400000+00:00,124401.10763465545,426812.3191063226,9.18211284161366,0.0044540255184983835,-0.0023252664250321686,9.881836985137227e-05,0,0.0008064223629615728,0.004959323566710702,9.881836985137227e-05,27_KW_1
10178,119,2026-02-11 04:40:36.100000+00:00,124400.81830432982,426811.341064969,3.985773419666522,0.004152942739892751,-0.0020639122813008726,0.002239290580339226,0,0.0008802315999501675,0.004553225190585422,0.002239290580339226,28_KW_1
10179,62,2026-02-11 04:41:02.800000+00:00,124390.6127110061,426780.879945483,7.445471405853221,0.0020307930826675147,0.0007002750062383711,0.0006735322708921743,0,0.001894674573188679,-0.0010122815273848843,0.0006735322708921743,19_P6_1
10180,72,2026-02-11 04:41:16.800000+00:00,124390.52443234081,426780.88543428824,10.98831680858017,0.00047263795568142086,-0.001496643468271941,0.0012314870134115807,0,0.000703857083138781,0.0014028234082688897,0.0012314870134115807,18_P6_1
10181,152,2026-02-11 04:45:42.670000+00:00,124370.27406328697,426819.49804479256,9.728862687384732,-0.0017083748971344903,-0.0011252453550696373,-5.8263843147443595e-05,0,-0.0007017158696844593,-0.0019215401990325513,-5.8263843147443595e-05,29_KW_1
10182,150,2026-02-11 04:46:00.590000+00:00,124401.10742473094,426812.31930586236,9.18252861997553,0.004244101015501656,-0.002125726663507521,0.0005145967317208289,0,0.0008404347345981265,0.004671699555259304,0.0005145967317208289,27_KW_1
10183,113,2026-02-11 04:52:28.600000+00:00,124414.19163966493,426876.0009195009,5.074575238086909,0.11289321377989836,0.08382256544427946,-2.2221944987691824,0,-0.1083628352369767,-0.08960243375387851,-2.2221944987691824,32_P7_0
10184,107,2026-02-11 04:52:38.670000+00:00,124409.91405419451,426969.4961090469,4.276992465200866,-0.007068022139719687,-0.02949380240170285,-2.008807769917725,0,-0.030328521645715527,0.00014863331936414628,-2.008807769917725,38_P9_0
10185,112,2026-02-11 04:52:41.990000+00:00,124414.06529126284,426875.9530656621,8.439974078735318,0.11289111370570026,0.08358557114843279,-2.222164313754533,0,-0.10835523483637285,-0.08938732763360564,-2.222164313754533,31_P7_0
10186,106,2026-02-11 04:52:52.200000+00:00,124410.0253112398,426969.4212942091,6.911777805313174,-0.00691918442316819,-0.02957700501428917,-2.0091486449617486,0,-0.03037296781227975,0.000396440375489575,-2.0091486449617486,37_P9_0
10187,98,2026-02-11 04:53:14.170000+00:00,124302.66693997073,426390.0749252234,7.971489313069554,0.00609433717909269,-0.0029867851408198476,-0.007561482061316127,0,0.001473066700105821,-0.006625096650384282,-0.007561482061316127,10_P3_0
10188,110,2026-02-11 04:53:14.930000+00:00,124434.25863482433,426964.0168466705,6.522277252078697,0.11818194047373254,0.08241882856236771,-2.2220959203959074,0,0.10498854528580057,0.09867745291859341,-2.2220959203959074,35_P9_0
10189,104,2026-02-11 04:53:27.520000+00:00,124389.80891116655,426881.41646244336,8.713303363082872,-0.0067482263257261366,-0.029672152712009847,-2.009481901264502,0,0.03042626746495564,0.0004663188383910979,-2.009481901264502,33_P7_0
10190,111,2026-02-11 04:53:27.980000+00:00,124434.25851889495,426964.0168712676,6.522579657568831,-0.0031718643731437624,0.038807488221209496,0.061287147954062426,0,0.03729594653766592,-0.011184553522626525,0.061287147954062426,36_P9_0
10191,105,2026-02-11 04:53:40.530000+00:00,124389.68016739967,426881.44444076624,5.050179852985787,-0.006705500942189246,-0.02952434099279344,-2.0097339202505804,0,0.030274028619329187,0.00036557502715761273,-2.0097339202505804,34_P7_0
10192,65,2026-02-11 04:53:57.110000+00:00,124372.11505744513,426824.89121483325,3.51598331582973,-0.00930501260154415,-0.02866790333064273,-2.008652424808166,0,0.030100514061157015,0.0015462839791127688,-2.008652424808166,30_KW_1
10193,152,2026-02-11 04:54:02.490000+00:00,124370.27409620656,426819.4981060264,9.728825572540835,-0.00167545530712232,-0.0010640115360729396,-9.537868704434516e-05,0,-0.0006497056665486865,-0.0018754075775455242,-9.537868704434516e-05,29_KW_1
10194,117,2026-02-11 04:54:20.470000+00:00,124377.68657045858,426815.90577420616,7.615588490931158,0.006553314495249651,6.816763198003173e-05,-0.001846549241301787,0,-0.00018695062863418485,0.006551001996805699,-0.001846549241301787,26_KW_0
10195,114,2026-02-11 04:54:40.200000+00:00,124396.30040200798,426811.6296118138,9.991064590099974,0.001381362963002175,7.30580068193376e-05,0.00038051244979087073,0,0.0007731824486265868,0.0011470353129046894,0.00038051244979087073,23_KW_0
10196,150,2026-02-11 04:55:02.800000+00:00,124401.10754027593,426812.31923805666,9.182141793837108,0.004359646001830697,-0.002193532360251993,0.00012777059329849294,0,0.0008553620009927143,0.004804836451327849,0.00012777059329849294,27_KW_1
10197,119,2026-02-11 04:55:20.100000+00:00,124400.81887775545,426811.3404371057,3.9852931223924366,0.004726368366391398,-0.0026917756185866892,0.001758993306253842,0,0.0007292615010272065,0.0053900270480548235,0.001758993306253842,28_KW_1
10198,62,2026-02-11 04:55:48.900000+00:00,124390.61282409716,426780.88000999123,7.445526744080353,0.002143884135875851,0.000764783238992095,0.0007288704980243921,0,0.0019961555012287494,-0.0010938445070564574,0.0007288704980243921,19_P6_1
10199,72,2026-02-11 04:56:03.670000+00:00,124390.52437033868,426780.88552044705,10.988400069901466,0.0004106358246644959,-0.0014104846632108092,0.001314748334708682,0,0.0006289838517675004,0.0013275797828629808,0.001314748334708682,18_P6_1
10200,152,2026-02-11 05:00:43.460000+00:00,124370.27400178643,426819.4980425481,9.728704883041338,-0.0017698754381854087,-0.0011274898424744606,-0.00021606818654085203,0,-0.0006897413571616554,-0.001981905464898837,-0.00021606818654085203,29_KW_1
10201,150,2026-02-11 05:01:04.680000+00:00,124401.10768266305,426812.31909732445,9.18294419552845,0.004502033116295934,-0.002334264572709799,0.0009301722846402072,0,0.0008279773317988809,0.005003153686792015,0.0009301722846402072,27_KW_1
10202,113,2026-02-11 05:07:29.440000+00:00,124414.19170451918,426876.00095375895,5.0744821000401545,0.11295806802809238,0.08385682350490242,-2.2222876368159366,0,-0.1084115933147306,-0.08965722734912654,-2.2222876368159366,32_P7_0
10203,107,2026-02-11 05:07:38.690000+00:00,124409.91393800196,426969.4962004038,4.277124569162812,-0.007184214686276391,-0.029402445536106825,-2.0086756659557796,0,-0.030267417246902427,1.4048635196318178e-05,-2.0086756659557796,38_P9_0
10204,112,2026-02-11 05:07:42.470000+00:00,124414.06528886931,426875.9531805798,8.44032838329208,0.11288872017757967,0.08370048884535208,-2.221810009197771,0,-0.10846617957765224,-0.08935727650343472,-2.221810009197771,31_P7_0
10205,106,2026-02-11 05:07:52.650000+00:00,124410.02527237474,426969.4214609957,6.912016989713598,-0.006958049489185214,-0.029410218412522227,-2.008909460561325,0,-0.030220421721362894,0.000318607515902763,-2.008909460561325,37_P9_0
10206,111,2026-02-11 05:08:15.370000+00:00,124434.25854045016,426964.0168713393,6.52237157259681,-0.003150309159536846,0.03880755993304774,0.06107906298204124,0,0.03730050587296437,-0.01116348589727709,0.06107906298204124,36_P9_0
10207,98,2026-02-11 05:08:15.550000+00:00,124302.66386812417,426390.0756621179,7.973754015980941,0.0030224906222429127,-0.0022498906473629177,-0.0052967791499298755,0,0.0014776938848155906,-0.0034661041919446228,-0.0052967791499298755,10_P3_0
10208,110,2026-02-11 05:08:28.230000+00:00,124434.2586488733,426964.0168993909,6.522410545482123,0.11819598944566678,0.08247154898708686,-2.2219626269924815,0,0.1050430288150863,0.09868034460176248,-2.2219626269924815,35_P9_0
10209,99,2026-02-11 05:08:31.790000+00:00,124302.5415624069,426390.13245826284,11.082645008151228,0.0034821157314581797,-0.002358029130846262,-0.005110194598138662,0,0.0014649150143447086,-0.003942011586732788,-0.005110194598138662,09_P3_0
10210,104,2026-02-11 05:08:32.290000+00:00,124389.81153778336,426881.4157905123,8.71105190429294,-0.004121609512367286,-0.03034408378880471,-2.011733360054434,0,0.030540504211436944,-0.0022424737380044215,-2.011733360054434,33_P7_0
10211,105,2026-02-11 05:08:45.870000+00:00,124389.68016486884,426881.4444843597,5.05028591122362,-0.006708031767630018,-0.029480747529305518,-2.0096278620127475,0,0.03023193497567551,0.0003771905469583625,-2.0096278620127475,34_P7_0
10212,152,2026-02-11 05:08:51.600000+00:00,124370.27408510394,426819.49809012044,9.72914425271219,-0.001686557923676446,-0.0010799174779094756,0.00022330148431137786,0,-0.0006626282950179713,-0.0018898738401416494,0.00022330148431137786,29_KW_1
10213,117,2026-02-11 05:09:13.370000+00:00,124377.6787226287,426815.9056442105,7.620840867774764,-0.0012945153866894543,-6.182800279930234e-05,0.0034058276023047895,0,-1.1396321612864723e-05,-0.0012959409369873282,0.0034058276023047895,26_KW_0
10214,114,2026-02-11 05:09:37.200000+00:00,124396.30037181612,426811.6296649645,9.991417063495913,0.0013511711003957316,0.0001262087025679648,0.0007329858457296723,0,0.0008032330830715235,0.0010938046413358816,0.0007329858457296723,23_KW_0
10215,150,2026-02-11 05:10:02.880000+00:00,124401.10786366099,426812.3189975607,9.182204604928364,0.00468303106026724,-0.002434028312563896,0.00019058168455465818,0,0.0008565265485724801,0.005207843700552166,0.00019058168455465818,27_KW_1
10216,119,2026-02-11 05:10:20.980000+00:00,124400.81901688171,426811.3404140679,3.9854104576065095,0.004865494629484601,-0.002714813395868987,0.0018763285203267088,0,0.0007953917697022231,0.005514580826919048,0.0018763285203267088,28_KW_1
10217,62,2026-02-11 05:10:48.500000+00:00,124390.61278376571,426780.88003086066,7.445745281423383,0.0021035526879131794,0.0007856526644900441,0.000947407841054293,0,0.0019530337540120033,-0.0011080808525269486,0.000947407841054293,19_P6_1
10218,72,2026-02-11 05:11:02.770000+00:00,124390.52431526875,426780.8855037489,10.988404013437112,0.0003555658913683146,-0.0014271828113123775,0.0013186918703542716,0,0.0005772562796050375,0.0013527945400786463,0.0013186918703542716,18_P6_1
10219,152,2026-02-11 05:15:42.890000+00:00,124370.2750063301,426819.49835177895,9.728330720901695,-0.000765331758884713,-0.000818258966319263,-0.0005902303261837716,0,-0.000620083859407664,-0.0009331540303838021,-0.0005902303261837716,29_KW_1
10220,150,2026-02-11 05:16:02.100000+00:00,124401.10803478451,426812.3188391752,9.182832771433613,0.004854154583881609,-0.0025924138026311994,0.0008187481898040971,0,0.0008322219601074434,0.0054397456427122135,0.0008187481898040971,27_KW_1
10221,113,2026-02-11 05:22:29.130000+00:00,124414.19164217717,426876.00101509376,5.0746430997456855,0.11289572602254339,0.0839181583141908,-2.2221266371104056,0,-0.10845626094121995,-0.08958203900142472,-2.2221266371104056,32_P7_0
10222,107,2026-02-11 05:22:40.160000+00:00,124409.91398038801,426969.4962414501,4.277122288588597,-0.007141828638850711,-0.029361399239860475,-2.0086779465299944,0,-0.030217468710027853,4.5457537055576973e-05,-2.0086779465299944,38_P9_0
10223,112,2026-02-11 05:22:42.570000+00:00,124414.06526392834,426875.9531234831,8.440065561873832,0.1128637791989604,0.08364339213585481,-2.2220728306160193,0,-0.10840475190839526,-0.08934684922672619,-2.2220728306160193,31_P7_0
10224,106,2026-02-11 05:22:53.590000+00:00,124410.0253965376,426969.42143320205,6.911666745691444,-0.00683388662582729,-0.02943801204673946,-2.009259704583479,0,-0.030217541472621283,0.00044581053044026326,-2.009259704583479,37_P9_0
10225,110,2026-02-11 05:23:15.890000+00:00,124434.25857659295,426964.01686364843,6.522392417673361,0.11812370909319725,0.08243580651469529,-2.221980754801244,0,0.10499316836043276,0.09861697340367119,-2.221980754801244,35_P9_0
10226,111,2026-02-11 05:23:28.730000+00:00,124434.25858238085,426964.0169135262,6.52244316662313,-0.003108378470642492,0.03884974686661735,0.061150657008361975,0,0.03735050044379216,-0.011131260706464486,0.061150657008361975,36_P9_0
10227,104,2026-02-11 05:23:30.890000+00:00,124389.80945916004,426881.41644292366,8.714297871277155,-0.006200232834089547,-0.029691672418266535,-2.0084873930702187,0,0.03033204315577556,-7.386600531330257e-05,-2.0084873930702187,33_P7_0
10228,98,2026-02-11 05:23:34.730000+00:00,124302.66385034454,426390.075774641,7.974043727213808,0.0030047109903534874,-0.0021373675554059446,-0.00500706791706218,0,0.0013724863555121878,-0.0034224128047893186,-0.00500706791706218,10_P3_0
10229,73,2026-02-11 05:23:38.870000+00:00,124369.49058381822,426785.70141541,11.400962159429035,0.0012442537845345214,0.0049487557844258845,-0.005092456634040232,0,0.0002845625388741917,0.005094838118692939,-0.005092456634040232,20_P6_1
10230,105,2026-02-11 05:23:44.610000+00:00,124389.68000490918,426881.4445275904,5.050023965939355,-0.006867991425679065,-0.029437516815960407,-2.0098898072970126,0,0.030223206708400188,0.0005426589854288543,-2.0098898072970126,34_P7_0
10231,99,2026-02-11 05:23:50.320000+00:00,124302.54159280847,426390.1324648525,11.082173805189235,0.003512517301714979,-0.0023514394997619092,-0.005581397560131762,0,0.001451303186089477,-0.003969982944287563,-0.005581397560131762,09_P3_0
10232,152,2026-02-11 05:24:11.500000+00:00,124370.27409592118,426819.49806098366,9.729734348309178,-0.0016757406847318634,-0.0011090542539022863,0.0008133970812984614,0,-0.0006934727649164363,-0.0018860550641175682,0.0008133970812984614,29_KW_1
10233,114,2026-02-11 05:24:39.300000+00:00,124396.30060510676,426811.62943920365,9.991015972610006,0.0015844617446418852,-9.955215500667691e-05,0.00033189495982277606,0,0.0007296250210549946,0.0014099918370155831,0.00033189495982277606,23_KW_0
10234,150,2026-02-11 05:25:05.800000+00:00,124401.10791071325,426812.3189486061,9.182489356218046,0.004730083324830048,-0.0024829829344525933,0.00047533297423640875,0,0.000845516108155567,0.005274845497592092,0.00047533297423640875,27_KW_1
10235,119,2026-02-11 05:25:23.800000+00:00,124400.81873316904,426811.3405742381,3.9854613327552744,0.004581781962770037,-0.002554643200710416,0.001927203669091604,0,0.0007504947697897812,0.005191886500860645,0.001927203669091604,28_KW_1
10236,62,2026-02-11 05:25:50.800000+00:00,124390.6128805573,426780.8803206385,7.445738253244448,0.002200344271841459,0.0010754304821603,0.0009403796621194616,0,0.002002834631346457,-0.0014095102255976565,0.0009403796621194616,19_P6_1
10237,72,2026-02-11 05:26:05.400000+00:00,124390.52442907979,426780.88533982873,10.98846645124556,0.00046937692968640476,-0.0015911029768176377,0.0013811296788031058,0,0.000715607491763463,0.0014966059276549017,0.0013811296788031058,18_P6_1
10238,152,2026-02-11 05:30:41.870000+00:00,124370.27391410097,426819.49795223505,9.729042182795135,-0.0018575608992250636,-0.0012178028700873256,0.00012123156725607487,0,-0.0007574414071143172,-0.0020880274997019167,0.00012123156725607487,29_KW_1
10239,150,2026-02-11 05:31:02+00:00,124401.10802891906,426812.3188144257,9.182141513830521,0.004848289128858596,-0.0026171633508056402,0.00012749058671168711,0,0.0008088912254436054,0.0054498758212650125,0.00012749058671168711,27_KW_1
10240,113,2026-02-11 05:37:28.840000+00:00,124414.19174071685,426876.0008933693,5.074484211423502,0.11299426569894422,0.08379643387161195,-2.2222855254325893,0,-0.10836159840543051,-0.0897068024258096,-2.2222855254325893,32_P7_0
10241,107,2026-02-11 05:37:39.830000+00:00,124409.91405823427,426969.49606405327,4.277049117541227,-0.0070639823825331405,-0.029538796050474048,-2.008751117577364,0,-0.030371263825209372,0.00016325707264392192,-2.008751117577364,38_P9_0
10242,112,2026-02-11 05:37:42.340000+00:00,124414.06534580093,426875.9532107711,8.440163955946995,0.11294565179559868,0.08373068011133,-2.2219744365428564,0,-0.10850921574166934,-0.08940524118062852,-2.2219744365428564,31_P7_0
10243,106,2026-02-11 05:37:53.430000+00:00,124410.02521871799,426969.4214271328,6.911502773166395,-0.007011706242337823,-0.029444081301335245,-2.0094236771085274,0,-0.030266194099855367,0.0002746685609222002,-2.0094236771085274,37_P9_0
10244,98,2026-02-11 05:38:08.330000+00:00,124302.66384944842,426390.075712484,7.973451030030825,0.0030038148688618094,-0.00219952454790473,-0.005599765100045673,0,0.0014331175925925846,-0.003436129504112502,-0.005599765100045673,10_P3_0
10245,111,2026-02-11 05:38:15+00:00,124434.25854301579,426964.01692192716,6.522293982111394,-0.003147743525914848,0.03885814780369401,0.06100147249662591,0,0.037350518806760456,-0.011171512203121925,0.06100147249662591,36_P9_0
10246,99,2026-02-11 05:38:26.970000+00:00,124302.53705025768,426390.1335666202,11.082732085631957,-0.0010300334834028035,-0.0012496717972680926,-0.005023117117410436,0,0.001458306159020356,0.0007042667991475065,-0.005023117117410436,09_P3_0
10247,110,2026-02-11 05:38:28.390000+00:00,124434.25864528074,426964.01684901654,6.522512021457184,0.11819239688338712,0.08242117462214082,-2.2218611510174204,0,0.10499299425296676,0.0986872021334581,-2.2218611510174204,35_P9_0
10248,104,2026-02-11 05:38:30.800000+00:00,124389.8084915844,426881.41694964474,8.71829694895414,-0.007167808478698134,-0.029184951330535114,-2.0044883153932336,0,0.030036364557799487,0.0009775820701951152,-2.0044883153932336,33_P7_0
10249,73,2026-02-11 05:38:44.080000+00:00,124369.49089638286,426785.70201304345,11.400854378447116,0.0015568184317089617,0.005546389264054596,-0.0052002376159592245,0,0.00016397537578491413,0.005758405124152436,-0.0052002376159592245,20_P6_1
10250,105,2026-02-11 05:38:44.890000+00:00,124389.68002022007,426881.4445274749,5.049930993069022,-0.006852680540760048,-0.02943763235816732,-2.009982780167345,0,0.030220109197079046,0.0005276642540001077,-2.009982780167345,34_P7_0
10251,152,2026-02-11 05:39:21.200000+00:00,124370.27396997008,426819.49811494426,9.729132768851716,-0.0018016917892964557,-0.0010550936567597091,0.00021181762383726266,0,-0.0006119650602744611,-0.0019962000634095056,0.00021181762383726266,29_KW_1
10252,114,2026-02-11 05:39:48.700000+00:00,124396.30039298219,426811.62956129544,9.991837346947847,0.001372337166685611,2.2539636120200157e-05,0.0011532692976636838,0,0.0007252168700091962,0.0011652801490273429,0.0011532692976636838,23_KW_0
10253,150,2026-02-11 05:40:12.580000+00:00,124401.10785947184,426812.31872504996,9.18273610125983,0.0046788419131189585,-0.0027065390604548156,0.000722078016019978,0,0.0006358179424228028,0.005367741692538823,0.000722078016019978,27_KW_1
10254,119,2026-02-11 05:40:28.890000+00:00,124400.81911712947,426811.34030994633,3.985201518246566,0.004965742395143025,-0.0028189349686726928,0.0016673891603833368,0,0.0007734837011902515,0.005657447733432412,0.0016673891603833368,28_KW_1
10255,62,2026-02-11 05:40:56.170000+00:00,124390.61292815726,426780.88003229874,7.445452013900054,0.0022479442413896322,0.0007870907429605722,0.0006541403177253713,0,0.0020953852069887182,-0.0011323100213209637,0.0006541403177253713,19_P6_1
10256,72,2026-02-11 05:41:10.410000+00:00,124390.52446980038,426780.8850526598,10.988531560725889,0.0005100975249661133,-0.001878271927125752,0.001446239159131224,0,0.0008013248287595543,0.0017736920352808463,0.001446239159131224,18_P6_1
10257,152,2026-02-11 05:45:47+00:00,124370.27398078739,426819.4979736163,9.728937884847106,-0.001790874477592297,-0.0011964216246269643,1.693361922683323e-05,0,-0.0007519871036179141,-0.002018209972812256,1.693361922683323e-05,29_KW_1
10258,150,2026-02-11 05:46:05.670000+00:00,124401.10792162486,426812.3188148204,9.182502227324218,0.004740994932944886,-0.002616768644656986,0.00048820408040839425,0,0.0007449308380407803,0.005363729033089284,0.00048820408040839425,27_KW_1
10259,113,2026-02-11 05:52:28.660000+00:00,124414.19173159619,426876.00084503845,5.074456056841269,0.11298514503869228,0.0837481030030176,-2.222313680014822,0,-0.10831248798821883,-0.08970949058945953,-2.222313680014822,32_P7_0
10260,107,2026-02-11 05:52:40.470000+00:00,124409.91406396368,426969.4961636567,4.277008315961817,-0.007058252973365597,-0.029439192614518106,-2.0087919191567742,0,-0.030273155311380622,0.00014513553578989456,-2.0087919191567742,38_P9_0
10261,112,2026-02-11 05:52:41.800000+00:00,124414.0652482464,426875.95313613064,8.440262839178413,0.11284809726930689,0.08365603967104107,-2.2218755533114383,0,-0.10841324188237488,-0.08932857893921423,-2.2218755533114383,31_P7_0
10262,106,2026-02-11 05:52:54.530000+00:00,124410.02534021059,426969.42134080286,6.912059281970783,-0.006890213640872389,-0.029530411236919463,-2.00886716830414,0,-0.030320774535231774,0.0004133562895175373,-2.00886716830414,37_P9_0
10263,98,2026-02-11 05:53:08.010000+00:00,124302.66417538324,426390.07563789503,7.973672321173701,0.003329749684780836,-0.0022741135326214135,-0.005378473957169838,0,0.0014291287595741473,-0.0037704663254175845,-0.005378473957169838,10_P3_0
10264,110,2026-02-11 05:53:14.810000+00:00,124434.25861690451,426964.01685508963,6.522316099916568,0.1181640206486918,0.08242724771844223,-2.2220570725580364,0,0.10499309395453689,0.09865818346267932,-2.2220570725580364,35_P9_0
10265,99,2026-02-11 05:53:27.150000+00:00,124302.53380182663,426390.1343840734,11.083682441502237,-0.004278464533854276,-0.0004322185995988548,-0.0040727612471300745,0,0.0014345913514419175,0.00405388940890796,-0.0040727612471300745,09_P3_0
10266,111,2026-02-11 05:53:27.740000+00:00,124434.25870012026,426964.01678628265,6.522263318910013,-0.002990639055497013,0.038722503290046006,0.060970809295244344,0,0.03725056800392916,-0.010989602649438091,0.060970809295244344,36_P9_0
10267,104,2026-02-11 05:53:38.950000+00:00,124389.8086750321,426881.4166695698,8.713468041309854,-0.006984360778005794,-0.02946502628037706,-2.0093172230375203,0,0.030272449524248533,0.0007401817226068531,-2.0093172230375203,33_P7_0
10268,152,2026-02-11 05:53:49.580000+00:00,124370.27434046743,426819.49816749664,9.728828603811998,-0.001431194439646788,-0.0010025412775576115,-9.234741588137751e-05,0,-0.0006461205523849971,-0.0016235562106279035,-9.234741588137751e-05,29_KW_1
10269,105,2026-02-11 05:53:53.730000+00:00,124389.68023208367,426881.4445260353,5.050141356232141,-0.006640816936851479,-0.029439071950037032,-2.0097724170042266,0,0.030177091861153454,0.00032020879397134857,-2.0097724170042266,34_P7_0
10270,117,2026-02-11 05:54:08.220000+00:00,124377.68320105161,426815.9057051883,7.617604309050006,0.0031839075236348435,0.0,0.00016926887754653563,0,-0.0001247729151710848,0.003181461859209559,0.00016926887754653563,26_KW_0
10271,114,2026-02-11 05:54:30.700000+00:00,124396.30051240424,426811.62944887916,9.991609339789502,0.0014917592197889462,-8.98766447789967e-05,0.000925262139318761,0,0.0006902391419451845,0.0013255162420841287,0.000925262139318761,23_KW_0
10272,150,2026-02-11 05:54:55.180000+00:00,124401.10791499753,426812.31884916825,9.183188159525859,0.004734367597848177,-0.002582420769613236,0.0011741362820494317,0,0.0007684629212308509,0.005337845850301214,0.0011741362820494317,27_KW_1
10273,119,2026-02-11 05:55:11.600000+00:00,124400.81910172706,426811.34027809533,3.985350570580057,0.004950339978677221,-0.0028507859678938985,0.0018164414938741658,0,0.0007388217487680888,0.005664537841940682,0.0018164414938741658,28_KW_1
10274,62,2026-02-11 05:55:39.060000+00:00,124390.6126950561,426780.8795116715,7.445531225849691,0.0020148430776316673,0.0002664634957909584,0.0007333522673622639,0,0.0019474528715042504,-0.000581397226807314,0.0007333522673622639,19_P6_1
10275,72,2026-02-11 05:55:53.340000+00:00,124390.52454743387,426780.88411537017,10.988279152117439,0.0005877310177311301,-0.0028155615436844528,0.0011938305506813407,0,0.0010265215835907305,0.0026868323345345586,0.0011938305506813407,18_P6_1
